data,TAEE3,TAEE11,spread_observado,rho,var_mr,var_rw,mr_filtrado,rw_filtrado,std_mr,zscore_mr,sinal,prob_quebra,sinal_finrl,always_long
2025-01-02 00:00:00+00:00,10.9399995803833,32.91999816894531,-0.2898762852552092,-0.0841652603125735,0.0017079338105254,0.0001945425593131,-0.0440044051207595,-0.2430056869924837,0.0472262477278219,-0.9317785603965252,1,0.5141324400901794,1,1
2025-01-03 00:00:00+00:00,10.699999809265137,32.209999084472656,-0.2876767238452711,-0.1333054378590751,0.0015414725891945,0.0003613700159981,-0.0252637006923358,-0.2604811013810464,0.0458222774393828,-0.5513410093105159,1,0.5143628120422363,1,1
2025-01-06 00:00:00+00:00,10.890000343322754,32.68000030517578,-0.2580059485594397,-0.140231297419049,0.0015261762596884,0.0003733958044437,0.0029029203636626,-0.2608690479326757,0.0458295004623916,0.0633417413319785,0,0.5144422650337219,1,1
2025-01-07 00:00:00+00:00,11.050000190734863,33.459999084472656,-0.3640841677954771,-0.145830772014571,0.0015527382581346,0.0003694806647241,-0.0620589182129411,-0.2982668450070237,0.0461990588565568,-1.3432939923219531,1,0.5144556760787964,1,1
2025-01-08 00:00:00+00:00,10.899999618530272,33.0,-0.3571669725559516,-0.1146917498686331,0.0016087977461273,0.0003551988851207,-0.0331334960680643,-0.3216322549576664,0.0469384378851263,-0.7058926023305844,1,0.5144388675689697,1,1
2025-01-09 00:00:00+00:00,10.960000038146973,32.970001220703125,-0.2869331815430644,-0.0960941573167283,0.0016729535641536,0.0003156556267644,0.0228955951658065,-0.3109683741105813,0.0476395259649814,0.4806008183758276,0,0.5144408345222473,0,1
2025-01-10 00:00:00+00:00,10.829999923706056,32.7400016784668,-0.3384744122619221,-0.1511943093847001,0.0014979805026325,0.0003768372839712,-0.0175492759458319,-0.3200404370131,0.0455701082250233,-0.385104987224835,0,0.5142673850059509,1,1
2025-01-13 00:00:00+00:00,10.720000267028809,32.20000076293945,-0.2642655760473413,-0.1664216382491943,0.0014902981072572,0.0003599356929996,0.034135040988556,-0.30036024792425,0.0453421381543999,0.7528326271760442,0,0.5142038464546204,-1,1
2025-01-14 00:00:00+00:00,10.729999542236328,32.41999816894531,-0.3293131932342081,-0.164313988875894,0.0015254892522361,0.0003193904058842,-0.0198054458065556,-0.3086335705512524,0.0455919502422594,-0.4344066376041504,0,0.5139163732528687,-1,1
2025-01-15 00:00:00+00:00,10.789999961853027,32.599998474121094,-0.330715604581453,-0.1481995035971825,0.0015637811167044,0.0002978701495887,-0.0126458985119299,-0.3171247648970101,0.0459647487096954,-0.2751216718663916,0,0.5139361619949341,-1,1
2025-01-16 00:00:00+00:00,10.729999542236328,32.29999923706055,-0.2883784063560508,-0.145266409598573,0.0015764897413862,0.0002917461019863,0.0187329055528024,-0.3081298877671701,0.0460765620103216,0.4065604015465845,0,0.51397705078125,-1,1
2025-01-17 00:00:00+00:00,10.899999618530272,32.63999938964844,-0.2343613106280653,-0.1396362477193971,0.0015858662113314,0.0003051299079828,0.0452785072961848,-0.2825179509924777,0.0462491718603194,0.9790122822725074,0,0.5137161612510681,-1,1
2025-01-20 00:00:00+00:00,10.920000076293944,32.90999984741211,-0.3064650993103086,-0.1453877685749015,0.0016059842750626,0.0002768978072569,-0.0176037524719367,-0.2882088327161484,0.046386324375359,-0.3795030692556453,0,0.513635516166687,-1,1
2025-01-21 00:00:00+00:00,10.920000076293944,33.130001068115234,-0.3815132929981093,-0.0879764409950374,0.0017660564511835,0.0002079864443456,-0.0626531405616058,-0.3153183831162881,0.0480561906291221,-1.3037475451422478,1,0.5138323903083801,1,1
2025-01-22 00:00:00+00:00,10.880000114440918,32.900001525878906,-0.3430543711290763,-0.1104224305241969,0.0016948186106633,0.0002822699731207,-0.0156522723927929,-0.3261152678686566,0.0474751689152501,-0.3296938747228992,1,0.5142580270767212,1,1
2025-01-23 00:00:00+00:00,10.699999809265137,32.150001525878906,-0.2672099810528969,-0.0724705944270845,0.0018224464081736,0.0002098982161388,0.0404912839257141,-0.3098158899294028,0.0487840662841835,0.8300104318864863,0,0.514457643032074,-1,1
2025-01-24 00:00:00+00:00,10.720000267028809,31.799999237060547,-0.1278145513955966,-0.0581591594108103,0.0018484633003615,0.000373652393141,0.1171470579293972,-0.2513221352429727,0.0498091007431223,2.3519207570831937,-1,0.5143235325813293,-1,1
2025-01-27 00:00:00+00:00,10.720000267028809,32.529998779296875,-0.3768365652856289,-0.1108590191849929,0.0020410807725224,0.0002279195459712,-0.0895929182325391,-0.2836160932597411,0.0515003148769405,-1.7396576787272162,0,0.5139633417129517,1,1
2025-01-28 00:00:00+00:00,10.829999923706056,32.40999984741211,-0.2259021217302219,-0.1115046103129663,0.0021604993708947,0.0001429235000565,0.0442559946292586,-0.2716956312650477,0.052234205826337,0.8472607926000906,0,0.5142524242401123,-1,1
2025-01-29 00:00:00+00:00,10.760000228881836,32.349998474121094,-0.2754337724686575,-0.1188717167151731,0.0021109671244671,0.0002343719095729,-0.0041883936311104,-0.2712946170968084,0.0519232792379814,-0.080665044515267,0,0.5142870545387268,-1,1
2025-01-30 00:00:00+00:00,10.970000267028809,33.189998626708984,-0.3519798450556166,-0.081069930926778,0.0022642377181261,0.0001450591896869,-0.0593093116159784,-0.2900881123614082,0.0532154863319695,-1.1145122539328922,0,0.5144314765930176,1,1
2025-01-31 00:00:00+00:00,11.100000381469728,33.5099983215332,-0.3311400298187266,-0.0896817324166287,0.0021978150267839,0.0002165295775721,-0.028021583044151,-0.3016344591618374,0.0527715251638817,-0.5309981653387901,0,0.5146070718765259,1,1
2025-02-03 00:00:00+00:00,11.06999969482422,33.45000076293945,-0.340673973671862,-0.1013762724470198,0.002152855886571,0.0002528229126922,-0.0264991803627581,-0.3128478620826666,0.0525615323625486,-0.5041553998079306,0,0.5147362351417542,1,1
2025-02-04 00:00:00+00:00,11.109999656677246,33.400001525878906,-0.2836179590607219,-0.1062728260706558,0.0021474055150984,0.0002642244760053,0.0210728291599924,-0.3055162627722272,0.0526596803317905,0.4001700927012815,0,0.5148012042045593,0,1
2025-02-05 00:00:00+00:00,11.0,33.060001373291016,-0.2776346351720082,-0.0982555624336437,0.0021704825563938,0.0002528596390927,0.0186644895511308,-0.2972284443298327,0.0529377657389553,0.3525741838665516,0,0.5145190358161926,-1,1
2025-02-06 00:00:00+00:00,11.0,33.18000030517578,-0.3185694220501673,-0.097094868689463,0.0021854379659682,0.0002359313053912,-0.0154046200637842,-0.3025596279038476,0.0530429274699946,-0.2904179840469463,0,0.5142682194709778,-1,1
2025-02-07 00:00:00+00:00,10.989999771118164,32.97999954223633,-0.2603441386061309,-0.1001540367569548,0.0021976206818521,0.0002174580685334,0.0300959822446798,-0.29170361359053,0.053057221894987,0.5672363001637557,0,0.514257550239563,-1,1
2025-02-10 00:00:00+00:00,10.920000076293944,32.88999938964844,-0.2996424179483803,-0.1012253991130653,0.0021924182250365,0.0002220683662663,-0.0064867678614142,-0.2930030291385416,0.0529721537010747,-0.1224561851500228,0,0.5141168832778931,-1,1
2025-02-11 00:00:00+00:00,11.039999961853027,33.22999954223633,-0.2956255129552545,-0.0999386832090103,0.0021947905358179,0.0002221164130855,-0.0016557269191951,-0.2938676226576987,0.052981877755828,-0.0312508161153843,0,0.5139701962471008,-1,1
2025-02-12 00:00:00+00:00,10.93000030517578,32.70000076293945,-0.2248286680683424,-0.0892072321331037,0.0022572320615203,0.0001825453830849,0.0497392437867156,-0.2767143218291958,0.0534430513901987,0.93069618019299,0,0.5139532089233398,-1,1
2025-02-13 00:00:00+00:00,10.81999969482422,32.779998779296875,-0.3621187025742038,-0.1066989575491066,0.0022931304463661,0.0001634958809808,-0.0637763052560724,-0.2958608658825228,0.053601552700291,-1.189821974237812,0,0.5138105750083923,1,1
2025-02-14 00:00:00+00:00,11.039999961853027,33.529998779296875,-0.3979631307973559,-0.0363273533279915,0.0025347952806546,4.385941911875038e-05,-0.0798116378700492,-0.314935786168338,0.0553315654323249,-1.442425083159185,1,0.5140339732170105,1,1
2025-02-17 00:00:00+00:00,10.949999809265137,33.09000015258789,-0.3378681973030595,-0.0584750448350683,0.0024462258884499,0.000134928016235,-0.016661024326207,-0.320345167511454,0.0546098771900314,-0.3050917742999135,1,0.5143270492553711,1,1
2025-02-18 00:00:00+00:00,10.970000267028809,32.86000061035156,-0.239408855817329,-0.0206038367201706,0.0026165665218587,6.835362951083685e-05,0.0648259703443576,-0.3066901443081207,0.0559651198753929,1.158328088793403,0,0.5144991874694824,-1,1
2025-02-19 00:00:00+00:00,10.850000381469728,32.81999969482422,-0.3457633786525527,-0.0359861166966888,0.0026106278189092,6.252090704717038e-05,-0.0319605318908012,-0.3126750181518692,0.0557092375842867,-0.5737025541310934,0,0.5143527984619141,-1,1
2025-02-20 00:00:00+00:00,10.859999656677246,32.65999984741211,-0.2811839538430192,-0.038976178546191,0.0026063578759316,7.338588595605551e-05,0.0257241758676785,-0.3078412920106771,0.0555918252111684,0.462733068575532,0,0.5143919587135315,-1,1
2025-02-21 00:00:00+00:00,10.90999984741211,32.88999938964844,-0.3096426468302145,-0.0341299055549706,0.0026133361228413,7.161901174015722e-05,-0.0016286512683055,-0.3079854268878077,0.0555970537565625,-0.0292938412786548,0,0.5142703056335449,-1,1
2025-02-24 00:00:00+00:00,10.890000343322754,32.77000045776367,-0.2887073640414108,-0.0387668037267118,0.0025874396387285,9.587049784192964e-05,0.015566726527442,-0.3048695751814904,0.0554521388565736,0.2807236447218964,0,0.5141739845275879,-1,1
2025-02-25 00:00:00+00:00,10.960000038146973,33.209999084472656,-0.3688027552993809,-0.0607652654094299,0.0025161940057686,0.0001598128188368,-0.0502212747547123,-0.3166435766700528,0.0551815698589487,-0.9101095688847648,0,0.5140961408615112,1,1
2025-02-26 00:00:00+00:00,10.9399995803833,33.02000045776367,-0.3239896920648508,-0.0563580295833743,0.0025340721922545,0.0001471917709075,-0.0050604628662507,-0.318621131340925,0.0555330085368749,-0.0911253144675303,0,0.5143492221832275,1,1
2025-02-27 00:00:00+00:00,10.949999809265137,32.970001220703125,-0.2969334104249004,-0.0353262595233086,0.0026082649472832,9.433402624592314e-05,0.017146333358785,-0.3147259707286567,0.056088817233097,0.3056996778435775,0,0.5143405795097351,0,1
2025-02-28 00:00:00+00:00,10.9399995803833,32.790000915527344,-0.245530808342794,-0.0440987074472539,0.0025568241090376,0.0001682509466366,0.0531818387706294,-0.300804804863863,0.0559175584759863,0.9510758377168476,0,0.5143857002258301,-1,1
2025-03-05 00:00:00+00:00,10.920000076293944,33.09000015258789,-0.3678679302742527,-0.0729872580718926,0.002494187495712,0.0001989793371861,-0.051221564121912,-0.314777581054955,0.055618041731501,-0.9209523120067178,0,0.5140810012817383,1,1
2025-03-06 00:00:00+00:00,10.9399995803833,32.970001220703125,-0.3069336393067363,-0.0595344112279355,0.0025429586210436,0.0001644228680577,0.0066629516505273,-0.3137368508376263,0.0560922939105754,0.1187855084184956,0,0.514255940914154,1,1
2025-03-07 00:00:00+00:00,11.079999923706056,33.2400016784668,-0.2590375424298958,-0.0412197532306919,0.0026271956933686,0.0001109760234498,0.0421673691615294,-0.302806505681044,0.0566526726760273,0.7443138543995409,0,0.5142397284507751,-1,1
2025-03-10 00:00:00+00:00,11.09000015258789,33.52000045776367,-0.3445522500282347,-0.0299615745526413,0.0027268240629264,5.030293882204648e-06,-0.0340359487004113,-0.3093213050540109,0.0568681872654151,-0.5985059545077255,0,0.5140479803085327,-1,1
2025-03-11 00:00:00+00:00,11.010000228881836,33.29999923706055,-0.3495039800464887,-0.0015247016683269,0.0028093417112218,1e-06,-0.0336572986828915,-0.3146470628406245,0.0571351540864194,-0.5890821372772246,0,0.5141157507896423,-1,1
2025-03-12 00:00:00+00:00,11.050000190734863,33.220001220703125,-0.2822145940391607,-0.0369143977533109,0.0026783230890893,2.3475450035568505e-05,0.0273700483164214,-0.3105549731832701,0.055692528866572,0.491449192080943,0,0.5142769813537598,-1,1
2025-03-13 00:00:00+00:00,11.119999885559082,33.540000915527344,-0.3213751984189716,-0.0215367755601688,0.0027984135653789,1e-06,-0.0093765520691758,-0.311685484183049,0.0564539372684516,-0.1660920836147908,0,0.5142093300819397,-1,1
2025-03-14 00:00:00+00:00,11.350000381469728,34.06999969482422,-0.2721712040724853,-0.0295620937211759,0.0027563098137637,1e-06,0.0343011389193405,-0.3077025989261604,0.0558104355244375,0.6146008107089798,0,0.5141901969909668,-1,1
2025-03-17 00:00:00+00:00,11.40999984741211,34.45000076293945,-0.3418000814199189,-0.0403760909671098,0.002730037525626,1e-06,-0.0299878851415467,-0.3107689008643602,0.0553487498310744,-0.5417987801543916,0,0.514043390750885,-1,1
2025-03-18 00:00:00+00:00,11.420000076293944,34.36000061035156,-0.3010984370561136,-0.0346787613108104,0.0027619257347987,1e-06,0.0086661182019647,-0.3100397831973743,0.0554602830467795,0.156258095449225,0,0.5142151117324829,-1,1
2025-03-19 00:00:00+00:00,11.350000381469728,34.439998626708984,-0.3983875560346295,-0.0543943240753474,0.0026922170948031,1e-06,-0.0783510177932532,-0.3171578805621711,0.05465998788154,-1.4334254512287254,1,0.51427161693573,1,1
2025-03-20 00:00:00+00:00,11.4399995803833,34.650001525878906,-0.3800258607745999,-0.0352939722503828,0.0027556501306422,1e-06,-0.0559938731580206,-0.3219055889214291,0.0551159249392458,-1.0159291206623589,1,0.5145775675773621,1,1
2025-03-21 00:00:00+00:00,11.449999809265137,34.59000015258789,-0.3495575878069772,-0.0284487223175246,0.0027801195841889,1e-06,-0.0247550416127024,-0.3238567589077671,0.0552322382159612,-0.4481991389867056,1,0.5147329568862915,1,1
2025-03-24 00:00:00+00:00,11.369999885559082,34.349998474121094,-0.3476866364633046,-0.0276159834848748,0.002777507180783,1e-06,-0.0214943596256455,-0.3253952798840067,0.0551148447320909,-0.3899922013774682,1,0.514555811882019,1,1
2025-03-25 00:00:00+00:00,11.350000381469728,33.91999816894531,-0.2210017445047274,-0.0410090280354081,0.0027665459508211,2.168836253974493e-05,0.0941520824293825,-0.3185162131508141,0.0550821296205437,1.70930359951564,0,0.5143070816993713,-1,1
2025-03-26 00:00:00+00:00,11.300000190734863,34.0,-0.2982926606873057,-0.0445841378296398,0.002783847448466,1.417699139767128e-05,0.017810752090559,-0.3168915994663919,0.0552432318100181,0.3224060487954497,0,0.5138449668884277,-1,1
2025-03-27 00:00:00+00:00,11.279999732971191,33.90999984741211,-0.2875917029690065,-0.0375433122009364,0.0028070802637072,9.380674370395269e-06,0.0264080309071099,-0.3149619018661653,0.0554252449786056,0.4764621413455822,0,0.5136657953262329,-1,1
2025-03-28 00:00:00+00:00,11.34000015258789,33.95000076293945,-0.2412366460761639,-0.0318988422300296,0.0028365985140107,1e-06,0.0668751258950155,-0.3104941485432927,0.0556071092934209,1.20263625901028,0,0.5137463212013245,-1,1
2025-03-31 00:00:00+00:00,11.300000190734863,33.65999984741211,-0.1823096801213477,-0.0231232741744299,0.0028599798500602,1.1918119059833691e-05,0.1163883248059532,-0.3028159432237253,0.0558263477966792,2.084827852788112,-1,0.5136533379554749,-1,1
2025-04-01 00:00:00+00:00,11.289999961853027,33.970001220703125,-0.2980595181729555,-0.0297092787384447,0.0029095849197774,1e-06,0.0040422808170211,-0.3023591155702785,0.0561966962276132,0.0719309334600149,-1,0.5137611627578735,-1,1
2025-04-02 00:00:00+00:00,11.270000457763672,33.83000183105469,-0.2703015540222253,-0.0083846115956634,0.0030047849958517,1e-06,0.0294572546318198,-0.3007398454809818,0.056982866645461,0.5169493282094518,-1,0.513917088508606,-1,1
2025-04-03 00:00:00+00:00,11.390000343322754,34.45000076293945,-0.3617995855092744,-0.0523049009511698,0.0027995121569582,0.0001343294670523,-0.0536774361704594,-0.3062654563481892,0.056035134278256,-0.9579246460606516,0,0.5141103863716125,1,1
2025-04-04 00:00:00+00:00,11.399999618530272,34.29999923706055,-0.3006308507339987,-0.0582991840851257,0.0027903950614422,0.0001380613464063,0.0052461964030554,-0.3059524792688063,0.0566633632277731,0.0925853338773237,0,0.5145091414451599,1,1
2025-04-07 00:00:00+00:00,11.229999542236328,33.880001068115234,-0.3273585223076836,-0.0612515057505562,0.0027822588147204,0.0001392420978538,-0.0176485413538792,-0.3090921246751448,0.0571091991807982,-0.3090314976753028,0,0.5149343013763428,1,1
2025-04-08 00:00:00+00:00,11.260000228881836,34.02000045776367,-0.3451153039022632,-0.0562784918670912,0.0027945255983088,0.0001327435888248,-0.0289393255558864,-0.3151139326910023,0.0575459664063958,-0.502890599690581,0,0.515304446220398,1,1
2025-04-09 00:00:00+00:00,11.380000114440918,34.20000076293945,-0.2865182493071234,-0.0543993835309284,0.0028151461428197,0.0001195487955879,0.0232794823187883,-0.3105618909848354,0.0578812727592709,0.4021936838812798,0,0.5154743790626526,0,1
2025-04-10 00:00:00+00:00,11.220000267028809,34.16999816894531,-0.436283424029634,-0.0677880160634536,0.0028551744585067,0.0001122434576123,-0.1010975873459615,-0.3317404203129274,0.0582861468035228,-1.734504558806264,1,0.5154682993888855,1,1
2025-04-11 00:00:00+00:00,11.300000190734863,34.0099983215332,-0.3017033507215654,-0.0961118625838212,0.0028338290019336,0.000121342679588,0.025865778906932,-0.3281292333432637,0.0581488654441983,0.4448200099751523,0,0.5156306028366089,0,1
2025-04-14 00:00:00+00:00,11.380000114440918,34.40999984741211,-0.3581544516672537,-0.0883913583155489,0.0028769846490665,0.0001042448971623,-0.0244730979621519,-0.3329222155166516,0.0584859064212075,-0.4184443647996151,0,0.5152854919433594,1,1
2025-04-15 00:00:00+00:00,11.470000267028809,34.45000076293945,-0.2817996618032197,-0.1236660794160225,0.0027175591847803,0.0002622522833468,0.0393652530196194,-0.3224705576265779,0.0577978507418063,0.681085066561925,0,0.5150353312492371,-1,1
2025-04-16 00:00:00+00:00,11.350000381469728,34.400001525878906,-0.3847434946041854,-0.1411260312084645,0.0026515065706121,0.0003030807343887,-0.0465693760255637,-0.336677903991554,0.057733895388116,-0.8066210622460362,0,0.5146967172622681,1,1
2025-04-17 00:00:00+00:00,11.4399995803833,34.5,-0.328856401206842,-0.1422682450874522,0.0026533714606732,0.0002999327462274,0.0074754399237824,-0.3363627103452822,0.0579948345418926,0.1288983748782418,0,0.514716625213623,1,1
2025-04-22 00:00:00+00:00,11.550000190734863,34.81999969482422,-0.3280160900593092,-0.1631180460117524,0.0025423504230203,0.0003659280025894,0.0053169717447639,-0.3335782851426424,0.0572914060158599,0.0928057472231015,0,0.5145928859710693,1,1
2025-04-23 00:00:00+00:00,11.720000267028809,35.380001068115234,-0.3490471880191226,-0.1575163609696679,0.0025412037174211,0.0003685927258317,-0.0107342548243504,-0.3379416226387889,0.0574274124343793,-0.1869186572983102,0,0.5143886804580688,1,1
2025-04-24 00:00:00+00:00,11.949999809265137,36.11000061035156,-0.368069659672825,-0.1809993562595938,0.0024464289355337,0.000415973937648,-0.0191047105873225,-0.3481541595301116,0.0566919528622019,-0.3369915768073702,0,0.5142844319343567,1,1
2025-04-25 00:00:00+00:00,12.0,35.970001220703125,-0.2703120006978761,-0.1717798770497349,0.0025201110157646,0.0003684978794567,0.0530988209429009,-0.3252812960577453,0.0573007901060984,0.9266682159981192,0,0.5141112208366394,-1,1
2025-04-28 00:00:00+00:00,11.979999542236328,36.13999938964844,-0.3483032980978198,-0.1765413178269618,0.0025301965470529,0.0003571861255613,-0.0185439584002563,-0.3294167908098173,0.0573199962050646,-0.3235163926723672,0,0.5138388872146606,-1,1
2025-04-29 00:00:00+00:00,12.020000457763672,36.15999984741211,-0.3151250639324061,-0.1800549452170614,0.0025141539250445,0.0003733162284571,0.0106693372995187,-0.3260697157900783,0.0571910930044867,0.1865559257397256,0,0.5138581395149231,-1,1
2025-04-30 00:00:00+00:00,11.949999809265137,35.91999816894531,-0.3032548373812123,-0.1765329903440573,0.0025309705901612,0.0003585226880308,0.0147376527493044,-0.3186135363941161,0.0573101756706907,0.2571559513966301,0,0.5139760375022888,-1,1
2025-05-02 00:00:00+00:00,11.779999732971191,35.400001525878906,-0.2958704034386681,-0.1774212252430014,0.0025262216410285,0.0003637879834875,0.0144348570052565,-0.3109434207055976,0.0572697923367181,0.2520501020919847,0,0.513920783996582,-1,1
2025-05-05 00:00:00+00:00,11.6899995803833,35.380001068115234,-0.3790478746646304,-0.1757173234808735,0.0025563769709657,0.0003556619944844,-0.0468750282041545,-0.3305308310202035,0.0575330349659452,-0.8147497908271427,0,0.5140194296836853,1,1
2025-05-06 00:00:00+00:00,11.75,35.189998626708984,-0.2542326327563167,-0.1866922729666927,0.0025851876672449,0.0003317151304305,0.0548372930033164,-0.3107521842705133,0.0576845538851375,0.9506408442112486,0,0.5143584609031677,-1,1
2025-05-07 00:00:00+00:00,11.619999885559082,34.880001068115234,-0.2784844393208754,-0.1657235547883657,0.0026726166310427,0.0002859217621248,0.0198683974014948,-0.2993852485563614,0.0583251401924711,0.3406489437647253,0,0.5142932534217834,-1,1
2025-05-08 00:00:00+00:00,11.9399995803833,35.720001220703125,-0.2450308552305884,-0.1896662162887694,0.0025395370783095,0.000388731845038,0.0354166931899279,-0.2819038118178716,0.0573692669658897,0.6173460994540125,0,0.51412433385849,-1,1
2025-05-09 00:00:00+00:00,11.850000381469728,35.58000183105469,-0.2872725859040752,-0.1965013307796823,0.0025344655202894,0.0003609345961481,-0.0058886128729739,-0.2814236629302741,0.0572862749792223,-0.1027927348236512,0,0.5140568017959595,-1,1
2025-05-12 00:00:00+00:00,11.760000228881836,35.31999969482422,-0.2885791820803103,-0.1914853739878644,0.0025459481678896,0.0003529166887642,-0.0044753659017848,-0.2838965716126627,0.0573631728207152,-0.0780181025859969,0,0.5141909122467041,-1,1
2025-05-13 00:00:00+00:00,11.579999923706056,34.900001525878906,-0.3253070825358293,-0.2198618646470058,0.0023949993561939,0.0003728994628122,-0.0269997603082585,-0.2972226085972786,0.0558847139705535,-0.4831331931390958,0,0.5142226219177246,-1,1
2025-05-14 00:00:00+00:00,11.630000114440918,34.869998931884766,-0.265072219111369,-0.2096440920959069,0.0024058572399213,0.000360969904191,0.0232976912026985,-0.2890544142122847,0.0559298372038113,0.4165521011227058,0,0.514397144317627,-1,1
2025-05-15 00:00:00+00:00,11.739999771118164,35.40999984741211,-0.3392810553259533,-0.2435567925830225,0.0023027460652461,0.0004053810947803,-0.0346136388078783,-0.3035122897069542,0.0549636600206913,-0.6297549834717665,0,0.5144026279449463,-1,1
2025-05-16 00:00:00+00:00,11.739999771118164,35.400001525878906,-0.3358703652916954,-0.2030425471953305,0.0024827597503093,0.0002090467265955,-0.0205870492481984,-0.3142392747313563,0.0560411290394345,-0.3673560758155306,0,0.5144287347793579,-1,1
2025-05-19 00:00:00+00:00,11.850000381469728,35.630001068115234,-0.3043286386621897,-0.1929732514969913,0.0024063767139289,0.0002624100784762,0.0081288280192012,-0.3126208158381923,0.0552850474586311,0.1470348384033477,0,0.5144407153129578,-1,1
2025-05-20 00:00:00+00:00,11.869999885559082,35.869998931884766,-0.3661987083291524,-0.2377580823134656,0.002270283040964,0.0003011436163603,-0.0370923023488596,-0.3276683533771695,0.0539705018323042,-0.6872699176322632,0,0.5141583681106567,1,1
2025-05-21 00:00:00+00:00,11.779999732971191,35.40999984741211,-0.299281093472926,-0.2430262140852375,0.0022578748627186,0.0002879797643209,0.0222430130972962,-0.3220672798775087,0.0537650715254364,0.4137074957070036,0,0.514231264591217,0,1
2025-05-22 00:00:00+00:00,11.760000228881836,35.400001525878906,-0.3158699075280236,-0.2375874427724177,0.0022730646334796,0.0002794595030081,0.0026167845647225,-0.3188101361960092,0.0538585567199787,0.0485862363213283,0,0.5140990018844604,-1,1
2025-05-23 00:00:00+00:00,11.720000267028809,35.529998779296875,-0.4002153462934661,-0.203962282925718,0.0024042931568677,0.0001751488515394,-0.0589781570019166,-0.3389401993436017,0.0547349039608274,-1.0775237140111915,0,0.5140599012374878,1,1
2025-05-26 00:00:00+00:00,11.800000190734863,35.84000015258789,-0.4259650317571832,-0.2015305346460741,0.002380276454069,0.0002376111765272,-0.0591096872720035,-0.3640256730072565,0.0546233226705334,-1.0821327664106049,0,0.5141034126281738,1,1
2025-05-27 00:00:00+00:00,12.119999885559082,36.52000045776367,-0.3379312980648823,-0.2019035956518499,0.002418602201664,0.0002049903326281,0.0221948545913958,-0.3605284353374913,0.0548967894551181,0.4043015049093466,0,0.5142715573310852,0,1
2025-05-28 00:00:00+00:00,11.84000015258789,35.61000061035156,-0.3075061861820991,-0.181395829594041,0.0024869928410311,0.0001961275769173,0.037900800482089,-0.3470187091989155,0.0555132921377444,0.6827337926211672,0,0.5140734910964966,-1,1
2025-05-29 00:00:00+00:00,11.770000457763672,35.4900016784668,-0.3365710941281588,-0.1911142307874765,0.0024377001298513,0.0002442579594917,0.0055170672600263,-0.3425868036834513,0.0552385524634709,0.0998771150579079,0,0.5138050317764282,-1,1
2025-05-30 00:00:00+00:00,11.739999771118164,35.380001068115234,-0.3290476839297671,-0.1974740011785758,0.0024082111943144,0.0002451801457641,0.0093507103600729,-0.3388095766833037,0.0550296432850543,0.1699213333373088,0,0.5136498808860779,-1,1
2025-06-02 00:00:00+00:00,11.520000457763672,34.86000061035156,-0.3716611857543572,-0.1979836518752467,0.0023568162403406,0.0002908333472322,-0.0235093124349962,-0.3472819860635301,0.0547585668547841,-0.429326656728276,0,0.5136879086494446,-1,1
2025-06-03 00:00:00+00:00,11.720000267028809,35.29999923706055,-0.3217564625714093,-0.2490200838210893,0.0021848097424058,0.0003116901680281,0.0190811847134613,-0.3413964523517391,0.0530834062554058,0.3594566750606391,0,0.5138549208641052,-1,1
2025-06-04 00:00:00+00:00,11.510000228881836,34.70000076293945,-0.3270812650341792,-0.2498689402450517,0.0019992307536693,0.0004440738825734,0.007251796228749,-0.3348843858899761,0.0516218004546911,0.1404793355689717,0,0.5138514637947083,-1,1
2025-06-05 00:00:00+00:00,11.43000030517578,34.400001525878906,-0.3047435708981343,-0.2026630773735879,0.0019189806147806,0.0005233354535119,0.0174789389360299,-0.3231385915782169,0.0512385648663918,0.3411285812084619,0,0.5139117240905762,-1,1
2025-06-06 00:00:00+00:00,11.479999542236328,34.369998931884766,-0.2445096611479869,-0.0988873814940775,0.0020801963825772,0.0003891297035032,0.0492945549950478,-0.296176241006893,0.0529292058595128,0.9313299565817724,0,0.5139284729957581,-1,1
2025-06-09 00:00:00+00:00,11.25,34.04999923706055,-0.3653489041802853,-0.079785362753353,0.0021757672020713,0.00027736157518,-0.0473640372943748,-0.3160397652555048,0.0535694750965644,-0.8841609369700997,0,0.5139206647872925,1,1
2025-06-10 00:00:00+00:00,11.329999923706056,34.18000030517578,-0.3296957586800566,-0.0263846024895773,0.002384084760255,8.550026747021705e-05,-0.0097256785482982,-0.3195129868218241,0.0547782584126798,-0.1775463264098032,0,0.5140773057937622,1,1
2025-06-11 00:00:00+00:00,11.220000267028809,34.0099983215332,-0.3817032744276201,-0.066589829373726,0.0022318757711276,0.0002229692755531,-0.043997017090196,-0.3357401945436206,0.0534150618275892,-0.8236818527367379,0,0.5142498016357422,1,1
2025-06-12 00:00:00+00:00,11.270000457763672,33.97999954223633,-0.3214697122965688,-0.0919886579947966,0.0021135824423793,0.0002974688121534,0.0109920000238721,-0.3327818281938177,0.0525231955214741,0.209278965507308,0,0.514457643032074,1,1
2025-06-13 00:00:00+00:00,11.34000015258789,33.970001220703125,-0.2480593274380922,-0.0489743687803965,0.0022524860839633,0.0002291224192124,0.0594132526426117,-0.3100993854296276,0.0538675107838968,1.102951515264237,0,0.5144720077514648,-1,1
2025-06-16 00:00:00+00:00,11.380000114440918,34.459999084472656,-0.3752105044253682,-0.1050347182902772,0.0021387650039951,0.0002896051562367,-0.0460582912298188,-0.3273478335441495,0.052840740611493,-0.8716435594356721,0,0.5142571926116943,1,1
2025-06-17 00:00:00+00:00,11.399999618530272,34.4900016784668,-0.3654456730256132,-0.0551194204753529,0.0022556599199371,0.0002263388029283,-0.0259742739560078,-0.3382262531253952,0.0539124787355356,-0.4817859346334838,0,0.514290452003479,1,1
2025-06-18 00:00:00+00:00,11.380000114440918,34.2400016784668,-0.3001636120309801,-0.0611947846692483,0.0022526491691151,0.0002342410861633,0.0271552106577972,-0.3284349254447426,0.0538714320301607,0.5040744163361762,0,0.5144010186195374,0,1
2025-06-20 00:00:00+00:00,11.40999984741211,34.540000915527344,-0.37250149690189,-0.0336742534372373,0.0023833564590443,8.983695851268354e-05,-0.0331339773745664,-0.3380270510377591,0.0545233794337505,-0.6077021952541736,0,0.514216423034668,1,1
2025-06-23 00:00:00+00:00,11.359999656677246,34.2599983215332,-0.3269854498631677,-0.0354790338515519,0.0023691247490549,0.0001038711288224,0.0086618525034574,-0.3359607815054811,0.0541007626994176,0.1601059221952649,0,0.5142489075660706,1,1
2025-06-24 00:00:00+00:00,11.380000114440918,34.29999923706055,-0.3206303548233524,-0.0194760585323513,0.0024260633629346,5.77064914990791e-05,0.0119870206671414,-0.3331164483625501,0.0542410216896553,0.2209954807954432,0,0.5143206119537354,1,1
2025-06-25 00:00:00+00:00,11.350000381469728,34.459999084472656,-0.4052102373965578,-0.0376262791333081,0.0023756563788193,8.412727276459241e-05,-0.0566689524632318,-0.3461918741099785,0.0536132194715996,-1.0569958868679936,0,0.5141462683677673,1,1
2025-06-26 00:00:00+00:00,11.4399995803833,34.45000076293945,-0.3118003484487275,-0.0324587160973124,0.0022896565402528,0.0001335632246132,0.0269250687721233,-0.3398142886154972,0.0529569813496762,0.5084328465464544,0,0.5143142938613892,0,1
2025-06-27 00:00:00+00:00,11.4399995803833,34.400001525878906,-0.294744295690613,-0.0612450661123816,0.0022065926607877,0.0001670866317103,0.0333186878532203,-0.3296273022490646,0.052364498595453,0.6362839088869554,0,0.5140399932861328,-1,1
2025-06-30 00:00:00+00:00,11.550000190734863,34.93000030517578,-0.3655401869032104,-0.0235359002557027,0.0024087241096185,1e-06,-0.0289870837245274,-0.3353876273933182,0.0536187594798037,-0.5406145909706451,0,0.5137126445770264,-1,1
2025-07-01 00:00:00+00:00,11.56999969482422,35.06999969482422,-0.3932981510539388,-0.0030179631749264,0.0024728968303644,1e-06,-0.0480865961086782,-0.3432643926610626,0.0537661501712845,-0.8943656176885876,0,0.513831377029419,1,1
2025-07-02 00:00:00+00:00,11.489999771118164,34.5,-0.2788562104719787,0.0089886174883966,0.0025408658899371,1e-06,0.0547089194250369,-0.3357378463497269,0.0540694940411707,1.0118259916280934,0,0.5140730738639832,-1,1
2025-07-03 00:00:00+00:00,11.59000015258789,35.060001373291016,-0.3698870032560108,-0.0272130798101574,0.0024664397765717,1e-06,-0.0294268904124254,-0.3393312197735345,0.0530675832452492,-0.554517251641751,0,0.5138750076293945,-1,1
2025-07-04 00:00:00+00:00,11.619999885559082,35.029998779296875,-0.3296525975952207,-0.0380946162184798,0.0024004305652393,1e-06,0.0084969602610756,-0.3384554868241639,0.0521851036371779,0.1628234815849292,0,0.5139937996864319,-1,1
2025-07-07 00:00:00+00:00,11.5600004196167,34.72999954223633,-0.2873144456955021,-0.014880426667705,0.0024810073949014,1e-06,0.0447883653447168,-0.3339105384094204,0.0527764960444952,0.8486422688417264,0,0.5139268636703491,-1,1
2025-07-08 00:00:00+00:00,11.420000076293944,34.599998474121094,-0.3829680108124282,0.0008876152605469,0.0025807167525081,1e-06,-0.0435444309574635,-0.3377346137567034,0.0535786497958338,-0.8127198263374208,0,0.5138415098190308,1,1
2025-07-09 00:00:00+00:00,11.380000114440918,34.22999954223633,-0.2967516207033096,-0.0035196458518444,0.0025857723124048,1e-06,0.0366045715002969,-0.3347654918754492,0.0535016700107539,0.6841762414694595,0,0.5140103101730347,-1,1
2025-07-10 00:00:00+00:00,11.359999656677246,34.15999984741211,-0.2928733443469387,0.0085887344177435,0.00263333269894,1e-06,0.0377135674146736,-0.3320079916244682,0.0538463857962956,0.7003918063757617,0,0.5139972567558289,-1,1
2025-07-11 00:00:00+00:00,11.270000457763672,34.0,-0.3282923936584971,0.0034625575834854,0.0026046144771784,1e-06,0.0033639822278431,-0.331780545902595,0.0534847999053869,0.0628960421240043,0,0.5139318108558655,-1,1
2025-07-14 00:00:00+00:00,11.15999984741211,33.880001068115234,-0.3973582171319023,0.0035308646953361,0.0026134263388618,1e-06,-0.0593816423892496,-0.3357034379243111,0.0534868076823095,-1.1102110027196457,0,0.5140358805656433,1,1
2025-07-15 00:00:00+00:00,11.199999809265137,33.70000076293945,-0.2959554243149327,-0.0011596807461388,0.002629854552881,1e-06,0.036128128096955,-0.3334546079218613,0.053568722507972,0.6744257918709643,0,0.514133870601654,0,1
2025-07-16 00:00:00+00:00,11.170000076293944,33.790000915527344,-0.356656572768097,-0.0477348399555865,0.0024565299908572,1e-06,-0.0211332472240955,-0.3347356941989874,0.0518341124812133,-0.4077092519285443,0,0.5140776634216309,1,1
2025-07-17 00:00:00+00:00,11.119999885559082,33.58000183105469,-0.3350205611428283,-0.0335602611862084,0.0025186377886446,1e-06,-0.0001947617518743,-0.3347899774652038,0.0523706095086349,-0.0037189132168155,0,0.5141770243644714,1,1
2025-07-18 00:00:00+00:00,11.170000076293944,33.810001373291016,-0.3634792541300253,-0.0708660378372398,0.0023481291525143,1e-06,-0.0259485062580949,-0.3364300377034265,0.050635168665241,-0.5124601525403337,0,0.5141711831092834,1,1
2025-07-21 00:00:00+00:00,11.270000457763672,33.790000915527344,-0.2566561912983687,-0.0956356254602598,0.0023184236200988,1e-06,0.0724526733726849,-0.3321088451457613,0.0502728719823372,1.441188269453558,-1,0.5143012404441833,-1,1
2025-07-22 00:00:00+00:00,11.100000381469728,33.369998931884766,-0.2833825615786391,-0.026947456325897,0.0021944731769044,1e-06,0.0439594155749284,-0.3294309525735145,0.048969481907246,0.8976900278053318,-1,0.5139243006706238,-1,1
2025-07-23 00:00:00+00:00,11.229999542236328,33.70000076293945,-0.2659556913437413,-0.0376668329576487,0.0020103731577804,5.4344994744926194e-05,0.0556078876028404,-0.3244055681693529,0.0474289636171428,1.1724457665092516,-1,0.5137888789176941,-1,1
2025-07-24 00:00:00+00:00,11.170000076293944,33.56999969482422,-0.2816083790802963,-0.031898334654966,0.0020569189961199,1e-06,0.0377256004572159,-0.3212495795593192,0.047819684793512,0.78891361622556,-1,0.5138074159622192,-1,1
2025-07-25 00:00:00+00:00,11.050000190734863,33.4900016784668,-0.3743188404850759,-0.0664111977985431,0.0019547286259553,4.942057396167127e-05,-0.0462361211205087,-0.3258573713775194,0.0470203818304278,-0.9833208349360618,0,0.5138630270957947,1,1
2025-07-28 00:00:00+00:00,11.039999961853027,33.29999923706055,-0.3195042470752973,-0.0613445443940515,0.0020000176310978,1e-06,0.0059096710911476,-0.3255667147050051,0.0473628107738832,0.1247745012296939,0,0.5141168832778931,1,1
2025-07-29 00:00:00+00:00,11.09000015258789,33.369998931884766,-0.2933827904604769,-0.0312862377917453,0.0021035151873477,1e-06,0.0285101016114402,-0.323253728875681,0.0483525261705742,0.5896300332037365,0,0.5142369866371155,0,1
2025-07-30 00:00:00+00:00,11.130000114440918,33.650001525878906,-0.3488990663810352,-0.0284744900422073,0.0021193082063489,1e-06,-0.022954245847488,-0.3249021611471721,0.0484281577639856,-0.4739855263410061,0,0.5143848657608032,1,1
2025-07-31 00:00:00+00:00,11.09000015258789,33.36000061035156,-0.289972100426219,-0.0453223987931362,0.0020910148938614,1e-06,0.0313127819416366,-0.3227280215767502,0.0480490756183776,0.6516833370600835,0,0.5145267248153687,0,1
2025-08-01 00:00:00+00:00,11.119999885559082,33.439998626708984,-0.2872617916093301,-0.0321200275208246,0.0021235057802831,1e-06,0.0317707457635875,-0.3205728929476699,0.0483216808730733,0.6574842842706525,0,0.5145295262336731,-1,1
2025-08-04 00:00:00+00:00,11.010000228881836,33.43000030517578,-0.3938507582523183,-0.0104987957006004,0.0022390080511384,1e-06,-0.0664917580961849,-0.3244059151545699,0.049458570060435,-1.344393054933381,1,0.5144542455673218,1,1
2025-08-05 00:00:00+00:00,11.050000190734863,33.31999969482422,-0.3163266995553897,-0.0176405778351446,0.0022430953157241,1e-06,0.0074507819779636,-0.3240570909210816,0.0494504179028297,0.1506717697028249,0,0.5146432518959045,1,1
2025-08-06 00:00:00+00:00,11.09000015258789,33.40999984741211,-0.3070281531843353,0.0061419513874723,0.0023254429385259,1e-06,0.0155807636700901,-0.3232771560158999,0.0502430318216625,0.310107951395012,0,0.5146224498748779,1,1
2025-08-07 00:00:00+00:00,11.170000076293944,33.630001068115234,-0.3020764231660813,-0.0180750490867332,0.0021967662015519,1e-06,0.0192874077392667,-0.3222538285646397,0.0488943529580291,0.3944710702240616,0,0.5144374966621399,1,1
2025-08-08 00:00:00+00:00,11.149999618530272,33.58000183105469,-0.3050208281716386,0.0078618642808722,0.0021716924823148,1e-06,0.0157410983782101,-0.3214800383971827,0.0486015300726786,0.3238807164027751,0,0.5142785906791687,1,1
2025-08-11 00:00:00+00:00,11.06999969482422,33.439998626708984,-0.3372619823441916,-0.0817018660458682,0.0019160010482977,6.596388479302318e-06,-0.0143052928470425,-0.3222804975831908,0.0458697321153767,-0.3118678088431003,0,0.514163076877594,1,1
2025-08-12 00:00:00+00:00,11.210000038146973,33.56999969482422,-0.2416084172272672,-0.0609435225103708,0.0020260614088134,1e-06,0.0731765673887861,-0.3183419843220894,0.0470213593794071,1.5562410009956784,-1,0.5141800045967102,-1,1
2025-08-13 00:00:00+00:00,11.029999732971191,33.18000030517578,-0.2885696890789759,-0.1021358786045556,0.0018912029399736,1e-06,0.0260715982436238,-0.3164042745153849,0.0455040862594556,0.5729507037009506,-1,0.5139719247817993,-1,1
2025-08-14 00:00:00+00:00,11.149999618530272,33.33000183105469,-0.2197392630876518,-0.111198857267724,0.001810610729963,3.2771831012554575e-05,0.0851976594786693,-0.3097700618493154,0.044839854429943,1.900043177253853,-1,0.5138890743255615,-1,1
2025-08-15 00:00:00+00:00,11.1899995803833,33.83000183105469,-0.3503024314025964,-0.1378451302563249,0.0017911271043215,6.10286510412505e-05,-0.0365033772028053,-0.3124313638988744,0.0450456508429866,-0.8103640755473462,0,0.5140302777290344,1,1
2025-08-18 00:00:00+00:00,11.369999885559082,34.25,-0.3135745309470739,-0.1057648472099963,0.001890178154708,1e-06,-0.0005064737697667,-0.3128392754097034,0.0460107734048035,-0.0110077212854212,0,0.5141026377677917,1,1
2025-08-19 00:00:00+00:00,10.9399995803833,33.11000061035156,-0.3546911075468237,-0.1341168266984716,0.0017924051441563,9.105002077047872e-05,-0.0349550334423059,-0.3178066461438117,0.0455228995553147,-0.767856041327777,0,0.5142443180084229,1,1
2025-08-20 00:00:00+00:00,11.020000457763672,33.2400016784668,-0.3190370083722804,-0.1270654461812475,0.0017960956208226,7.294132276801845e-05,-0.000198177148322,-0.3185846773050633,0.0458624145865192,-0.0043211233012643,0,0.514363169670105,1,1
2025-08-21 00:00:00+00:00,11.020000457763672,33.209999084472656,-0.3088023356826817,-0.1213353425220927,0.0018019873296111,7.05284838421129e-05,0.0079042512235319,-0.3171362910478904,0.0461256811186928,0.1713633496965035,0,0.5144794583320618,1,1
2025-08-22 00:00:00+00:00,11.25,33.7599983215332,-0.2664219763724418,-0.1447467986985618,0.0017322156860877,0.0001303038804936,0.0388670085545656,-0.3075437974213642,0.0458493618080159,0.8477110045132729,0,0.5146073698997498,-1,1
2025-08-25 00:00:00+00:00,11.25,33.900001525878906,-0.31418074590594,-0.1375263931896557,0.001774926453314,6.187215869430198e-05,-0.0063529971953059,-0.3077724439672174,0.0462084894349536,-0.1374854982924476,0,0.5145116448402405,-1,1
2025-08-26 00:00:00+00:00,11.350000381469728,34.189998626708984,-0.3131059909506426,-0.1234711449098263,0.0017377119456642,8.714635129716624e-05,-0.0039451093238284,-0.3088948880259456,0.0458953062098352,-0.0859588844617621,0,0.5144514441490173,-1,1
2025-08-27 00:00:00+00:00,11.390000343322754,34.439998626708984,-0.3583875941816039,-0.1432969324880297,0.0016642180414448,0.000153016112233,-0.0364389256341138,-0.3197891473944301,0.0454896865999135,-0.8010370780216166,0,0.5144326090812683,1,1
2025-08-28 00:00:00+00:00,11.5,34.72999954223633,-0.3473148653122013,-0.1796172754628377,0.0015633183213436,0.0002083846476279,-0.0171049693256962,-0.3287641816747783,0.0447680164532868,-0.3820801250719795,0,0.5144592523574829,1,1
2025-08-29 00:00:00+00:00,11.5,34.869998931884766,-0.395072333552287,-0.1850629187640717,0.0015171728632983,0.0002542476595096,-0.0427626713782303,-0.3494409656601295,0.0446210189798574,-0.9583526408828557,0,0.514398455619812,1,1
2025-09-01 00:00:00+00:00,11.449999809265137,34.58000183105469,-0.3461468977727193,-0.2121783299177094,0.0014688958438654,0.0002687397667896,0.0053833617250026,-0.3512962362801013,0.0441859626788295,0.1218342070338546,0,0.514434814453125,1,1
2025-09-02 00:00:00+00:00,11.329999923706056,34.290000915527344,-0.3672198555239561,-0.2180113219057156,0.0014371707538104,0.0002872411588366,-0.0103942178773069,-0.356231390286483,0.0439016236875069,-0.2367615820155831,0,0.5143569111824036,1,1
2025-09-03 00:00:00+00:00,11.380000114440918,34.279998779296875,-0.3138076734614241,-0.230118857213421,0.0014075612530918,0.0003179438483128,0.0268302493132012,-0.3422331842234614,0.0436563371590614,0.6145785711578464,0,0.5142214298248291,0,1
2025-09-04 00:00:00+00:00,11.5,34.619998931884766,-0.3097907684683019,-0.207809696912468,0.0014528553995869,0.0002862617858837,0.0180891026633712,-0.3293917566587021,0.0441919551087873,0.40933021901478,0,0.5139920115470886,-1,1
2025-09-05 00:00:00+00:00,11.609999656677246,34.79999923706055,-0.2611939427549981,-0.2118553156558283,0.0014203866044168,0.0003285757749297,0.0399120194290975,-0.3039546632236892,0.0439391249427397,0.9083480720453532,0,0.5138208866119385,-1,1
2025-09-08 00:00:00+00:00,11.579999923706056,34.959999084472656,-0.3457738253282034,-0.2175006304013201,0.0014323166413563,0.0003185895858715,-0.0288357524567916,-0.315641296584513,0.0440849468715428,-0.6540952071648146,0,0.5136768221855164,1,1
2025-09-09 00:00:00+00:00,11.609999656677246,34.97999954223633,-0.3225967737189421,-0.1746216824517902,0.0015113667656564,0.0002419380153226,-0.0026294821456105,-0.3194899086687179,0.0448551607964261,-0.0586216189825821,0,0.5137655138969421,1,1
2025-09-10 00:00:00+00:00,11.529999732971191,34.900001525878906,-0.3753072732706943,-0.2189202182617478,0.0014062223715114,0.0003243796352736,-0.0336428067030575,-0.3394218345530652,0.0437103443511341,-0.7696760847454787,0,0.5139104723930359,1,1
2025-09-11 00:00:00+00:00,11.619999885559082,34.84000015258789,-0.2648390765970188,-0.2347681362025854,0.0014159710315843,0.0003185761102697,0.0483825120322486,-0.3158369601400363,0.0438176619632937,1.1041783122243936,0,0.5140519738197327,-1,1
2025-09-12 00:00:00+00:00,11.539999961853027,34.84000015258789,-0.3448390003030734,-0.2378356600881739,0.0014405023831797,0.0002935626155331,-0.0223000341599319,-0.3218534587437369,0.0440251159845613,-0.5065298219260137,0,0.5139932632446289,-1,1
2025-09-15 00:00:00+00:00,11.649999618530272,35.0099983215332,-0.2928301832621027,-0.2419816628562414,0.0013995335311425,0.0002684858493511,0.0200207929709976,-0.3138042246400733,0.0433426665338622,0.4619188105410183,0,0.5141628384590149,-1,1
2025-09-16 00:00:00+00:00,11.699999809265137,35.290000915527344,-0.3383462303008233,-0.2512486739335955,0.0013589026557942,0.0002987710564099,-0.016934082546053,-0.3206153433061783,0.0428556389689601,-0.3951424585762961,0,0.5141932368278503,-1,1
2025-09-17 00:00:00+00:00,11.720000267028809,35.540000915527344,-0.4036273376211365,-0.229031024321537,0.0014254512982149,0.0002647563133451,-0.0507766005154275,-0.3493153577359814,0.0436296236514356,-1.163810188258564,0,0.5142511129379272,1,1
2025-09-18 00:00:00+00:00,11.739999771118164,35.45000076293945,-0.3529264180498099,-0.2456654045345034,0.001386584836228,0.0002898751614469,0.0025420800714216,-0.3548139749904563,0.0431863548016623,0.058863038640247,0,0.514539897441864,1,1
2025-09-19 00:00:00+00:00,11.84000015258789,35.810001373291016,-0.3757316985079697,-0.2532041316410278,0.0013753100894026,0.0002564030293439,-0.013283942255921,-0.361611484810648,0.0428826097528989,-0.3097745760453166,0,0.514422595500946,1,1
2025-09-22 00:00:00+00:00,11.81999969482422,35.70000076293945,-0.3582080594277403,-0.2554243759859655,0.0013123341747256,0.0003069378378927,0.003399322257779,-0.3616078162378404,0.0422009170468118,0.0805509096877752,0,0.514359712600708,1,1
2025-09-23 00:00:00+00:00,12.029999732971191,36.09999847412109,-0.2846577446390981,-0.264389600115393,0.0013076135332373,0.0003160343371447,0.0457746403514206,-0.3336550924329168,0.0421863731203865,1.0850574952436502,0,0.5141909122467041,-1,1
2025-09-24 00:00:00+00:00,11.9399995803833,36.040000915527344,-0.3541911544346181,-0.2156652551408676,0.0014417821353012,0.0001650557261107,-0.0169039108668248,-0.3368343373255963,0.0433787931559883,-0.389681446554751,0,0.5139738917350769,-1,1
2025-09-25 00:00:00+00:00,11.979999542236328,36.150001525878906,-0.3517152894254902,-0.1994466419587759,0.0014604359897771,0.0001613660571345,-0.0089905569193814,-0.3419284841179644,0.043438168223278,-0.2069736659513072,0,0.5140092372894287,-1,1
2025-09-26 00:00:00+00:00,12.0,36.34999847412109,-0.3999390426942764,-0.2175552189390711,0.0014126057609947,0.0002125365882497,-0.0376411454756932,-0.3596770115730078,0.0429856310284337,-0.8756680912929887,0,0.5141108632087708,1,1
2025-09-29 00:00:00+00:00,12.239999771118164,36.7599983215332,-0.2998009862621149,-0.2300133176059153,0.0014250643398388,0.0002035968109533,0.0424982736255967,-0.3445067294545582,0.0431310568430852,0.985328826516109,0,0.5142834782600403,-1,1
2025-09-30 00:00:00+00:00,12.130000114440918,36.65999984741211,-0.375688537423132,-0.2363546431644779,0.0014207211154849,0.0002033615756616,-0.0239950278597813,-0.3507830809025421,0.0430634194762646,-0.5572021021927156,0,0.5141326189041138,1,1
2025-10-01 00:00:00+00:00,12.1899995803833,36.93000030517578,-0.4077933179266644,-0.1788633465428949,0.0014675124735611,0.0001705872823667,-0.0372891068475644,-0.3678166515633514,0.0435828703183475,-0.8555908909897204,0,0.5141059756278992,1,1
2025-10-02 00:00:00+00:00,12.119999885559082,36.5,-0.331108616702954,-0.1534382155868918,0.001465348826419,0.0001802612617968,0.0267234595665402,-0.3592035034302109,0.0436225654732333,0.6126063260295347,0,0.514122486114502,0,1
2025-10-03 00:00:00+00:00,12.100000381469728,36.70000076293945,-0.4193336331181783,-0.1761363335761795,0.001443231571499,0.0001770031806412,-0.0420026461306615,-0.3748804560170868,0.0433114783124982,-0.969780939537707,0,0.5139679908752441,1,1
2025-10-06 00:00:00+00:00,12.020000457763672,36.369998931884766,-0.3867612662925346,-0.1103232199970771,0.0016098315570332,2.10730147925406e-05,-0.0077340703315066,-0.3782800714603464,0.0445554320019462,-0.1735831072442258,0,0.514063835144043,1,1
2025-10-07 00:00:00+00:00,11.960000038146973,36.0,-0.3205453339470896,-0.0471069621689762,0.0017458028769108,1e-06,0.0463440856862458,-0.3695007340379902,0.0456206780851951,1.0158570111496317,0,0.5141776204109192,-1,1
2025-10-08 00:00:00+00:00,12.0,36.209999084472656,-0.3521815744541925,-0.0554815801825454,0.00170482265408,1e-06,0.0136753753606439,-0.3668015099183714,0.0447856450976065,0.3053517556984975,0,0.5139957666397095,-1,1
2025-10-09 00:00:00+00:00,11.970000267028809,35.880001068115234,-0.2696103181870963,-0.0956541494749872,0.0016217329141136,4.122928048590343e-05,0.0781224279256989,-0.3525600043004947,0.0438099276643464,1.7832128946717456,-1,0.5138822197914124,-1,1
2025-10-10 00:00:00+00:00,11.93000030517578,35.83000183105469,-0.2925542272820092,-0.0822847045327376,0.0016557903715928,1.997851938928411e-05,0.0480104355931961,-0.3438134636733325,0.0440510663084909,1.089881349454234,-1,0.5137514472007751,-1,1
2025-10-13 00:00:00+00:00,11.9399995803833,36.02000045776367,-0.3473684730726898,-0.0650906835651618,0.001717101353895,1e-06,-0.0034861578100561,-0.3438614590923698,0.0445102984764247,-0.0783224990482294,0,0.513708770275116,-1,1
2025-10-14 00:00:00+00:00,11.890000343322754,35.849998474121094,-0.3393755692035523,-0.0675247403145175,0.0016533769860619,2.4600198501513243e-05,0.0037869712505052,-0.3433756251438508,0.0437639544574812,0.086531742788109,0,0.5138806700706482,-1,1
2025-10-15 00:00:00+00:00,11.989999771118164,36.33000183105469,-0.4031178915075983,-0.0795999237435926,0.0015900046541969,9.893428644819412e-05,-0.0478198761144114,-0.3523389523087174,0.0435649492778036,-1.0976685823613654,0,0.514091968536377,1,1
2025-10-16 00:00:00+00:00,12.010000228881836,36.27000045776367,-0.3626493896581415,-0.0806512251644517,0.001595623296088,8.732431943393737e-05,-0.0072313990537314,-0.3547318486357016,0.0439141879601307,-0.1646711322613256,0,0.5144082903862,1,1
2025-10-17 00:00:00+00:00,12.0600004196167,36.66999816894531,-0.4490989222816086,-0.1174726305891586,0.001529319743371,0.0001530420485344,-0.069445979480178,-0.3751578224779417,0.0436888328827055,-1.5895590451368773,1,0.5145992040634155,1,1
2025-10-20 00:00:00+00:00,12.109999656677246,36.470001220703125,-0.3308754741886037,-0.1421490435627051,0.0015412281346102,0.000143981895935,0.0347012741172561,-0.3671360725572473,0.0440584809605926,0.7876184870807065,0,0.514896035194397,-1,1
2025-10-21 00:00:00+00:00,12.0600004196167,36.4900016784668,-0.3876973926110789,-0.1364193702069062,0.0015413284339788,0.0001366640999073,-0.0160642945570422,-0.3709220545404112,0.0441516761734152,-0.363843367892677,0,0.514723002910614,-1,1
2025-10-22 00:00:00+00:00,12.09000015258789,36.540000915527344,-0.374753712398002,-0.1182110051776327,0.0014963042619247,0.0001819758133041,-0.0020739358931977,-0.3724220928381736,0.0439252986527004,-0.0472150664152678,0,0.5146195292472839,-1,1
2025-10-23 00:00:00+00:00,12.220000267028809,36.79999923706055,-0.3334458530753288,-0.1491803355460682,0.0014350676624326,0.0002125932930292,0.0260032817421792,-0.3611632280617878,0.0434017523396757,0.5991297664359125,0,0.5144916772842407,-1,1
2025-10-24 00:00:00+00:00,12.15999984741211,36.970001220703125,-0.4514384136217124,-0.1154286796643597,0.0016019953580766,6.870428257240921e-05,-0.0663450159226684,-0.3812592530967045,0.0448428019718744,-1.4795020160488686,1,0.5143443942070007,1,1
2025-10-27 00:00:00+00:00,12.350000381469728,37.31999969482422,-0.3808315501643093,-0.1114020053156719,0.0016318429393172,4.720805136954444e-05,0.0021352618802432,-0.3826529227364955,0.0447769670288928,0.0476866126029801,0,0.5144340991973877,1,1
2025-10-28 00:00:00+00:00,12.449999809265137,37.65999984741211,-0.396815102934859,-0.113309047393307,0.0016220727129508,6.327129786658898e-05,-0.010868634464724,-0.3853065340625537,0.0445111606760623,-0.2441777365416816,0,0.5144281983375549,1,1
2025-10-29 00:00:00+00:00,12.399999618530272,37.650001525878906,-0.4434046036354662,-0.0932334558417583,0.0016865580879264,8.791036305295106e-06,-0.0460991680327054,-0.3945600317396637,0.0448165840232242,-1.0286185133792554,0,0.5143084526062012,1,1
2025-10-30 00:00:00+00:00,12.550000190734863,38.119998931884766,-0.4537324889092495,-0.0864545487469296,0.0016753797637944,2.975815129323961e-05,-0.04692588733136,-0.4038095785383699,0.0445401537292761,-1.053563658908429,0,0.5143186450004578,1,1
2025-10-31 00:00:00+00:00,12.619999885559082,38.09999847412109,-0.3769101127230989,-0.0653568573841288,0.0017361294557038,1e-06,0.0228530032920091,-0.4008922405896071,0.0449306523113026,0.5086283442686695,0,0.5143404006958008,0,1
2025-11-03 00:00:00+00:00,12.670000076293944,38.61000061035156,-0.5008850434838834,-0.1076219741096604,0.0017060470820395,6.9866179039966905e-06,-0.0839663349055918,-0.4122095169355482,0.0443730358064038,-1.8922828555596365,1,0.5141412019729614,1,1
2025-11-04 00:00:00+00:00,12.920000076293944,39.47999954223633,-0.5476645256140014,-0.0173100988954589,0.0019438815243429,1e-06,-0.1174381234842155,-0.4241202066089852,0.0468722395444563,-2.505494182176436,1,0.5144671201705933,1,1
2025-11-05 00:00:00+00:00,13.149999618530272,40.02000045776367,-0.5018734762695036,-0.0470437363979392,0.0018236717169012,1e-06,-0.0665829182261652,-0.431354668417808,0.045404719401645,-1.4664316640122848,1,0.514844536781311,1,1
2025-11-06 00:00:00+00:00,13.350000381469728,40.2400016784668,-0.3769209070178476,0.0244169257422838,0.0020710718352092,1e-06,0.0482288808272648,-0.4275611146177782,0.0479959134099137,1.0048539011094848,0,0.5149718523025513,-1,1
2025-11-07 00:00:00+00:00,13.43000030517578,40.54999923706055,-0.4026692911881557,0.0089335060598433,0.0019791920885895,1e-06,0.0221461501791029,-0.4259133225765311,0.0469307111978237,0.4718903595079108,0,0.5145723819732666,-1,1
2025-11-10 00:00:00+00:00,13.449999809265137,40.95000076293945,-0.5191208117505415,0.0393732693506183,0.0021165948512936,1e-06,-0.0837152950388818,-0.4313997635222142,0.0483212886339806,-1.7324723202851695,1,0.5143918991088867,1,1
2025-11-11 00:00:00+00:00,14.100000381469728,42.43999862670898,-0.3773976387221971,-0.0154042960490467,0.0021014534663414,1e-06,0.0486592950874344,-0.4283088988195427,0.0480903261882438,1.0118312547301809,0,0.5145987272262573,-1,1
2025-11-12 00:00:00+00:00,14.920000076293944,44.88999938964844,-0.3931575419797344,0.0489824382627697,0.0022651242037017,1e-06,0.0322167182154428,-0.4266944994695659,0.0497337161183688,0.6477842544234047,0,0.5144838690757751,-1,1
2025-11-13 00:00:00+00:00,14.710000038146973,44.95000076293945,-0.6236256242124902,0.1132861215024591,0.0028806823341145,1e-06,-0.1832606059235591,-0.4338526233608035,0.0555839593706766,-3.29700525112715,1,0.5141981840133667,1,1
2025-11-14 00:00:00+00:00,14.81999969482422,45.0,-0.5306820202933569,0.1388071575441722,0.0030270109718766,1e-06,-0.0923005072259403,-0.4361638285219651,0.0568712084423508,-1.6229742562882834,1,0.514930009841919,1,1
2025-11-17 00:00:00+00:00,14.800000190734863,45.0,-0.5506815243827141,0.1178598724157146,0.002873674216269,1e-06,-0.1076085297767784,-0.4396945563234432,0.055479231001914,-1.9396182649515457,1,0.5154016017913818,1,1
2025-11-18 00:00:00+00:00,14.729999542236328,44.40999984741211,-0.4194176272313044,0.0563448121908207,0.0026308232583632,1e-06,0.0183337629199853,-0.4386807193453902,0.0532047193075496,0.3445890356832276,0,0.5159046053886414,1,1
2025-11-19 00:00:00+00:00,14.199999809265137,43.18999862670898,-0.5332429061787476,0.0385742929372521,0.0026292086202135,1e-06,-0.0875681806767011,-0.4423123237838846,0.0531609198990304,-1.6472284686386358,1,0.5156350135803223,1,1
2025-11-21 00:00:00+00:00,13.979999542236328,42.43000030517578,-0.4939877879213412,0.0395907258925575,0.0026362323493056,1e-06,-0.0481939938771453,-0.4440947037806351,0.0532020956897369,-0.905866456054706,1,0.515727698802948,1,1
2025-11-24 00:00:00+00:00,14.279999732971191,42.93999862670898,-0.367961417388706,0.1112629484513029,0.003063019505415,1e-06,0.0712455184757939,-0.4417152630022508,0.057074355370509,1.248293003281249,0,0.5158692598342896,-1,1
2025-11-25 00:00:00+00:00,14.350000381469728,42.88999938964844,-0.2809047161320563,0.1450029705304578,0.0031061356063571,1e-06,0.1521168186445873,-0.4376016930964844,0.0574417036657127,2.648194759853312,-1,0.5155065059661865,-1,1
2025-11-26 00:00:00+00:00,14.229999542236328,43.47999954223633,-0.6021701010154015,0.1228986312460017,0.0036453724500055,1e-06,-0.1554343389594365,-0.4419468638461036,0.0619579753951897,-2.50870590861018,0,0.5148223638534546,1,1
2025-11-27 00:00:00+00:00,14.359999656677246,43.4900016784668,-0.4755819779021539,0.1739521594460061,0.0040469118089637,1e-06,-0.0333464685564013,-0.4420791941549188,0.0651199332877725,-0.5120777444448451,0,0.5152952671051025,1,1
2025-11-28 00:00:00+00:00,14.270000457763672,43.52000045776367,-0.5758145482119144,0.0653913048851137,0.0033118121118248,1e-06,-0.1264204235497904,-0.4456363718887628,0.0591782343075986,-2.136265554877458,1,0.5157152414321899,1,1
2025-12-01 00:00:00+00:00,14.149999618530272,42.5,-0.3478664457474405,-0.0443313798247263,0.0029680537866265,0.0001036919695457,0.0891564852806533,-0.4398336011946021,0.0569352373671563,1.565928050948709,0,0.5160267353057861,-1,1
2025-12-02 00:00:00+00:00,14.020000457763672,42.5,-0.4778656065140403,-0.0683915617571564,0.0029401405867393,9.627529097216548e-05,-0.0342402352905197,-0.4426726511143205,0.0572570411203439,-0.5980091639481151,0,0.515774130821228,1,1
2025-12-03 00:00:00+00:00,13.869999885559082,41.9900016784668,-0.4538923585163985,-0.0511048857114138,0.0028978538735648,0.0001726266269795,-0.009176654650904,-0.4443404186869851,0.057824863820066,-0.1586973845620992,0,0.5158020257949829,1,1
2025-12-04 00:00:00+00:00,13.979999542236328,42.29999923706055,-0.4496410097155117,-0.0925690235240613,0.0027087735354857,0.0003095600742012,-0.0038897266281394,-0.4455787017829314,0.0574914343501782,-0.0676574984100633,0,0.5159253478050232,1,1
2025-12-05 00:00:00+00:00,13.699999809265137,41.209999084472656,-0.3578130668687862,-0.1041372487830828,0.002662420815024,0.000371259865442,0.0632053526163462,-0.4233247253362527,0.0580849318538311,1.0881540289209684,0,0.5160650014877319,-1,1
2025-12-08 00:00:00+00:00,13.65999984741211,41.52000045776367,-0.5035626378915854,-0.1160571550918614,0.0026956479371662,0.000349497699044,-0.0583986355780805,-0.443326836380316,0.0587712529023653,-0.9936598710103428,0,0.5159885287284851,1,1
2025-12-09 00:00:00+00:00,13.609999656677246,41.33000183105469,-0.4887493076282467,-0.0755734937341492,0.0028534900754536,0.0002589122760306,-0.0315116799631014,-0.4560030230690967,0.0601140473252049,-0.5241982758643672,0,0.515825092792511,1,1
2025-12-10 00:00:00+00:00,13.869999885559082,41.83000183105469,-0.3993122089143845,-0.0654091346795794,0.0029412835631146,0.0002064562087797,0.0423411090816586,-0.4430006785871859,0.0606757383094875,0.6978260217566731,0,0.5156059861183167,0,1
2025-12-11 00:00:00+00:00,13.890000343322754,41.540000915527344,-0.2803848233428692,-0.0431028322866246,0.00298361909574,0.0003227790033059,0.1174318668537759,-0.4017738177023761,0.0615059435218829,1.9092767321258195,-1,0.5153471231460571,-1,1
2025-12-12 00:00:00+00:00,13.8100004196167,41.77000045776367,-0.4388436307709824,-0.0609139742870816,0.0029951718116342,0.0003175391734536,-0.028538492957016,-0.409602233423126,0.0617940376132161,-0.4618324689453917,0,0.5148710608482361,-1,1
2025-12-15 00:00:00+00:00,14.06999969482422,42.5,-0.4278663694534916,-0.0388845204854497,0.0030940862847515,0.0002563729064419,-0.0130069379081811,-0.4144076362690896,0.0625517325915355,-0.20793889104746,0,0.5150259733200073,-1,1
2025-12-16 00:00:00+00:00,13.699999809265137,41.310001373291016,-0.3919264736784278,-0.0486321884991222,0.0030082299754104,0.0003408228090088,0.0161329829967096,-0.4085682622079407,0.0621056558221431,0.2597667278952975,0,0.5152953863143921,-1,1
2025-12-17 00:00:00+00:00,13.3100004196167,40.59999847412109,-0.5397252295053487,-0.0690580813292554,0.0030302402228111,0.000330420527914,-0.0928642637879789,-0.4438897930920435,0.0623363452567532,-1.489729040184923,1,0.5155670046806335,1,1
2025-12-18 00:00:00+00:00,13.43000030517578,40.34000015258789,-0.3310330888280255,-0.1176075095140131,0.0029634311302943,0.0003809021706189,0.0811427321004535,-0.4144649533156114,0.0618505607007554,1.3119158691711326,0,0.5160168409347534,-1,1
2025-12-19 00:00:00+00:00,13.550000190734863,40.880001068115234,-0.3952416961607721,-0.0690609907617561,0.0031627076456883,0.0002682055409077,0.0123029831439459,-0.4081005149228079,0.0632923033647629,0.1943835583458225,0,0.5152942538261414,-1,1
2025-12-22 00:00:00+00:00,13.229999542236328,40.310001373291016,-0.5208004803712907,-0.0040579314620926,0.0035801043982994,1e-06,-0.090068781128637,-0.4282194847788161,0.065550309956224,-1.3740405070363044,1,0.5152942538261414,1,1
2025-12-23 00:00:00+00:00,13.5,40.77000045776367,-0.4077177900517341,-0.0385965708327897,0.0034555187006144,8.468037008602276e-05,0.0171165092268893,-0.42522612672485,0.0642114222476888,0.2665648669307494,0,0.5152942538261414,1,1
2025-12-26 00:00:00+00:00,13.68000030517578,41.36000061035156,-0.4289820305258995,-0.0164284447417111,0.0035173414065871,4.876595408265412e-05,-0.0031376200936053,-0.4257634270892448,0.0643063737682832,-0.0487917434889306,0,0.5152942538261414,1,1
2025-12-29 00:00:00+00:00,13.59000015258789,41.4900016784668,-0.563328961319618,0.0262315012902271,0.0038153523944322,1e-06,-0.1178042849402678,-0.4424281341884803,0.0661502055558006,-1.7808604516110649,1,0.5152942538261414,1,1
2025-12-30 00:00:00+00:00,13.899999618530272,42.11000061035156,-0.464827412423368,-0.0061943577188874,0.0036906290845722,1e-06,-0.0192092624997018,-0.4450783235491624,0.0647851681730266,-0.2965071024960252,1,0.5152942538261414,1,1
