data,RPAD5,BMIN4,spread_observado,rho,var_mr,var_rw,mr_filtrado,rw_filtrado,std_mr,zscore_mr,sinal,prob_quebra,sinal_finrl
2025-01-02 00:00:00+00:00,8.890000343322754,16.899999618530273,5.158681953751983,-0.999,1e-06,0.0991774032679393,-0.4982155198174851,5.655892256602489,0.0836400355820417,-5.956663173926917,0,0.6073437333106995,1
2025-01-03 00:00:00+00:00,8.890000343322754,16.889999389648438,5.160889885040088,-0.999,1e-06,0.0991774219774056,0.3888667262479088,4.772803151244674,0.0738409536940555,5.266274428944898,-1,0.6066332459449768,1
2025-01-06 00:00:00+00:00,8.890000343322754,16.889999389648438,5.160889885040088,-0.999,1e-06,0.0991774403454882,-0.3187409905444746,5.478989715475283,0.0668269765261054,-4.769645540075584,0,0.6064901351928711,0
2025-01-07 00:00:00+00:00,8.890000343322754,16.889999389648438,5.160889885040088,-0.999,1e-06,0.0991683804660899,0.2700300876601241,4.891403021205671,0.0614870386221996,4.391658692806695,-1,0.6060711145401001,1
2025-01-08 00:00:00+00:00,8.890000343322754,16.899999618530273,5.158681953751983,-0.999,1e-06,0.0991591783034543,-0.2343680930300198,5.392580743329011,0.0572460300540849,-4.094049715038637,0,0.6075137257575989,0
2025-01-09 00:00:00+00:00,8.890000343322754,17.889999389648438,4.940101809667618,-0.999,1e-06,0.0993537224693955,0.1942805032576584,4.746430980523641,0.0537786347974366,3.6125964147181904,-1,0.60838782787323,1
2025-01-10 00:00:00+00:00,8.890000343322754,17.889999389648438,4.940101809667618,-0.999,1e-06,0.099521658927872,-0.1739796995772666,5.113732971002209,0.0508746451639079,-3.419772246405623,0,0.6080960631370544,0
2025-01-13 00:00:00+00:00,8.890000343322754,17.979999542236328,4.920230849194509,-0.999,1e-06,0.0995171325655966,0.1565728505582735,4.763991805963628,0.0483926574166919,3.235467091837517,-1,0.608851432800293,1
2025-01-14 00:00:00+00:00,8.890000343322754,18.0,4.915814986618299,-0.999,1e-06,0.0995189591556373,-0.1432139310306019,5.058746272155701,0.0462396425490121,-3.0972110322609225,0,0.608773410320282,0
2025-01-15 00:00:00+00:00,8.890000343322754,18.0,4.915814986618299,-0.999,1e-06,0.0995189181440681,0.1318028627709174,4.784276347055702,0.0443488405120943,2.9719573555699506,-1,0.6076381802558899,1
2025-01-16 00:00:00+00:00,8.890000343322754,18.0,4.915814986618299,-0.999,1e-06,0.0987850975399552,-0.1220055825343334,5.037574177347667,0.0426595622864919,-2.859982053143716,0,0.6066424250602722,0
2025-01-17 00:00:00+00:00,8.890000343322754,18.0,4.915814986618299,-0.999,1e-06,0.0980389535499672,0.1135009140821175,4.802545028307187,0.0411378855390894,2.759036168114872,-1,0.6063805818557739,1
2025-01-20 00:00:00+00:00,7.159999847412109,16.56999969482422,3.50154150586946,-0.3235051273608727,0.0051033393101523,0.101314152721847,-0.1039459423760481,3.606641299385908,0.1003686694360638,-1.035641330706921,0,0.6067447066307068,0
2025-01-21 00:00:00+00:00,7.0,18.0,3.0258146432955453,-0.999,1e-06,0.1211347174960097,0.0557237262770294,2.9705758901620563,0.065309194219297,0.8532294257056483,0,0.6057164072990417,1
2025-01-22 00:00:00+00:00,6.900000095367432,16.700000762939453,3.2128390681992545,0.2755758258407727,1e-06,0.1213843254666058,0.0138013563925891,3.1988544457582035,0.0178892708274195,0.7714879228858945,0,0.6031411290168762,1
2025-01-23 00:00:00+00:00,6.900000095367432,16.700000762939453,3.2128390681992545,0.1720738504832742,1e-06,0.1214609876870085,0.0023706072606647,3.210458935498884,0.0033808098332002,0.7011950915975547,0,0.6021037101745605,1
2025-01-24 00:00:00+00:00,6.900000095367432,17.5,3.036208776349212,0.2308278165494511,1e-06,0.1213153710754921,0.0005484394434667,3.035804176390967,0.0015986597833933,0.3430620130460554,0,0.6005986928939819,1
2025-01-27 00:00:00+00:00,7.889999866485596,16.799999237060547,4.180760368676038,-0.4835382292832192,0.0014772926625723,0.1239553082925492,0.0132110919227145,4.166637737156643,0.0541991884484028,0.2437507331920916,0,0.591615617275238,1
2025-01-28 00:00:00+00:00,8.449999809265137,16.799999237060547,4.740760311455579,-0.999,1e-06,0.1377726012352877,-0.0012885804080427,4.741640474577455,0.0374194107090428,-0.034436149143614,0,0.5869963765144348,1
2025-01-29 00:00:00+00:00,8.920000076293945,16.799999237060547,5.210760578484388,0.0886963819960683,1e-06,0.1422347682469623,-0.0004800149229613,5.210913814882773,0.0035945015976432,-0.133541440981997,0,0.5872582793235779,1
2025-01-30 00:00:00+00:00,7.5,16.299999237060547,3.9011545398766776,-0.7199535037872329,0.0005205016697605,0.1446346137686663,-0.0044781329760376,3.906533766229303,0.0323297245511195,-0.1385144178682008,0,0.5867295265197754,1
2025-01-31 00:00:00+00:00,7.610000133514404,17.440000534057617,3.75945598110498,-0.999,1e-06,0.153824445644781,0.0034558633640114,3.756097191027304,0.0227732111267965,0.1517512547865955,0,0.5867184400558472,1
2025-02-03 00:00:00+00:00,6.739999771118164,17.440000534057617,2.8894556187087392,0.999,1e-06,0.1579125598148533,0.003446058126341,2.8865598576839644,0.0227724486152676,0.1513257614304458,0,0.5858631134033203,1
2025-02-04 00:00:00+00:00,6.699999809265137,17.440000534057617,2.849455656855712,0.5727027906682045,1e-06,0.161113598716812,0.0020039898640146,2.8474758773882654,0.0131020571155343,0.1529523071334093,0,0.5834870934486389,1
2025-02-05 00:00:00+00:00,6.349999904632568,20.0,1.934238397183174,0.999,1e-06,0.16458721850328,0.0019978107227075,1.9327959901274736,0.013127175632711,0.1521889230863415,0,0.5833900570869446,1
2025-02-06 00:00:00+00:00,6.360000133514404,22.88999938964844,1.306161222996919,0.5841616011399534,1e-06,0.1739200669343798,0.0013134656540654,1.305208250903438,0.007775185983839,0.1689304483256711,0,0.5820273756980896,1
2025-02-07 00:00:00+00:00,6.360000133514404,23.96999931335449,1.0677101184394466,0.999,1e-06,0.1766361354220998,0.0013109134086008,1.0665342503998425,0.00783164508544,0.1673867232617581,0,0.5821386575698853,1
2025-02-10 00:00:00+00:00,6.360000133514404,18.90999984741211,2.184897661910589,0.999,1e-06,0.180338506619122,0.0013154200769328,2.182963510687518,0.0078875884053817,0.1667708822173466,0,0.5815135836601257,1
2025-02-11 00:00:00+00:00,6.360000133514404,18.059999465942383,2.372567610201155,0.1121881164751228,1e-06,0.188054453848804,0.0001424463148694,2.372324551642193,0.0016644256363413,0.0855828651994101,0,0.5818608999252319,1
2025-02-12 00:00:00+00:00,6.360000133514404,18.96999931335449,2.1716504953017948,0.6197027770437364,1e-06,0.1880500853351781,8.765464591582289e-05,2.17166948658132,0.0016370259936351,0.0535450544198014,0,0.5813272595405579,1
2025-02-13 00:00:00+00:00,6.230000019073486,18.299999237060547,2.1895784082052243,0.5999289212073489,1e-06,0.1880743251255684,5.264317719216029e-05,2.1895162808778306,0.0016138780345712,0.0326190555075897,0,0.5815364718437195,1
2025-02-14 00:00:00+00:00,6.230000019073486,18.11000061035156,2.231527839319714,0.5827860788581835,1e-06,0.188120598834717,3.0815699592381905e-05,2.231474731525839,0.0015953007656275,0.0193165453539166,0,0.5812191963195801,1
2025-02-17 00:00:00+00:00,6.230000019073486,16.90999984741211,2.4964736982146105,0.6141204953623411,1e-06,0.1885048177365696,1.981491617356641e-05,2.496313463783453,0.0016070717126329,0.0123298269876849,0,0.5813723206520081,1
2025-02-18 00:00:00+00:00,6.230000019073486,16.610000610351562,2.562709952378418,0.551284473356626,1e-06,0.1890615696590735,1.11371546519353e-05,2.56266373936488,0.0015751182177441,0.0070706785855642,0,0.5811213850975037,1
2025-02-19 00:00:00+00:00,6.230000019073486,16.790000915527344,2.5229680314322,0.5857632305629885,1e-06,0.1889831239250571,6.3892505985554144e-06,2.5229826281864827,0.0015837157345508,0.0040343418071597,0,0.5812944769859314,1
2025-02-20 00:00:00+00:00,6.230000019073486,16.360000610351562,2.617906971221536,0.6149793104843233,1e-06,0.1887666259209556,4.252296312863905e-06,2.6178524879252314,0.0016032409540698,0.0026523126808041,0,0.5810290575027466,1
2025-02-21 00:00:00+00:00,6.230000019073486,16.299999237060547,2.631154558950164,0.5941100509321462,1e-06,0.1888046340966328,2.5700653855548187e-06,2.6311449523060566,0.0015982147648941,0.0016080851222301,0,0.5811226963996887,1
2025-02-24 00:00:00+00:00,6.230000019073486,16.25,2.6421937942708538,0.6040908017013931,1e-06,0.188790974941948,1.5892890514875231e-06,2.642186359612822,0.0016022479302187,0.0009919120639903,0,0.5810220241546631,1
2025-02-25 00:00:00+00:00,5.809999942779541,16.030000686645508,2.270766942955712,0.6029370934295868,1e-06,0.18908550369612,-2.6815406592131705e-07,2.270963432175284,0.0016030366497259,-0.0001672788117272,0,0.5807638764381409,1
2025-02-26 00:00:00+00:00,6.300000190734863,15.550000190734863,2.866745576580976,0.9761087864566336,1e-06,0.189262408403993,2.768731909438695e-06,2.866428349994365,0.0018696556476113,0.0014808779964246,0,0.5807425379753113,1
2025-02-27 00:00:00+00:00,6.300000190734863,16.010000228881836,2.7651830534872435,0.6086296541935352,1e-06,0.1904743298743884,1.4696267584864745e-06,2.7652346829200063,0.0017101020197919,0.0008593795817312,0,0.5807291269302368,1
2025-02-28 00:00:00+00:00,6.480000019073486,16.0,2.947390813113971,0.8748688817639148,1e-06,0.1904850611978642,2.039918835302217e-06,2.9472932471432136,0.0018635883099629,0.0010946188191869,0,0.5807098746299744,1
2025-03-05 00:00:00+00:00,6.480000019073486,16.450000762939453,2.848036010748426,0.8588979437934429,1e-06,0.1905418698456295,1.3874761065659169e-06,2.848086661385349,0.0019555856115517,0.0007094939226234,0,0.5807142853736877,1
2025-03-06 00:00:00+00:00,6.449999809265137,16.450000762939453,2.818035800940077,0.8548207254503729,1e-06,0.1905683029800639,1.0836782063099349e-06,2.818050470344214,0.0020158811947001,0.0005375704724856,0,0.5807069540023804,1
2025-03-07 00:00:00+00:00,6.300000190734863,16.450000762939453,2.668036182409803,0.870642442687356,1e-06,0.1906326178561085,4.284079611738049e-07,2.6681143644867715,0.0020790374367132,0.0002060607248376,0,0.5807005763053894,1
2025-03-10 00:00:00+00:00,6.300000190734863,16.450000762939453,2.668036182409803,0.8644305850619992,1e-06,0.1906636544299897,3.700775039513455e-07,2.6680358534883752,0.0021172214131844,0.000174793954778,0,0.5806871652603149,1
2025-03-11 00:00:00+00:00,6.300000190734863,15.800000190734863,2.8115485577378587,0.8535615841557597,1e-06,0.1908025127743443,7.403760230364003e-07,2.8114726813763222,0.0021301000904752,0.0003475780440304,0,0.5806735754013062,1
2025-03-12 00:00:00+00:00,6.300000190734863,16.299999237060547,2.701154730611541,0.8597630313913313,1e-06,0.1908189907874234,3.0518972179500145e-07,2.701212177794733,0.0021482000168979,0.0001420676470507,0,0.580660343170166,1
2025-03-13 00:00:00+00:00,6.300000190734863,15.84000015258789,2.8027170431453565,0.8932265192745461,1e-06,0.1908161608592362,6.209391302233657e-07,2.802663283211675,0.0022099886257209,0.000280969378302,0,0.5806511044502258,1
2025-03-14 00:00:00+00:00,6.300000190734863,15.84000015258789,2.8027170431453565,0.8692641741026634,1e-06,0.1908954838627631,5.399157931180791e-07,2.8027164753796687,0.0022214555617938,0.000243045957076,0,0.5806419849395752,1
2025-03-17 00:00:00+00:00,5.659999847412109,16.8700008392334,1.9353048305858187,0.999,1e-06,0.1937250462031575,-3.917251460275657e-06,1.9357560381498504,0.0024345418252961,-0.0016090302575923,0,0.5806352496147156,1
2025-03-18 00:00:00+00:00,5.659999847412109,16.1299991607666,2.0986883769469,0.7487167158713033,1e-06,0.1955085270932433,-2.8717868612398173e-06,2.098607995221136,0.0021821911132994,-0.001316010703067,0,0.5806292295455933,1
2025-03-19 00:00:00+00:00,5.659999847412109,16.049999237060547,2.1163514061319044,0.8501492654488534,1e-06,0.1957244732902048,-2.394278525982357e-06,2.1163447429616777,0.0021723185760612,-0.0011021765188435,0,0.5806235671043396,1
2025-03-20 00:00:00+00:00,5.659999847412109,16.780000686645508,1.955175791058928,0.8708404265316728,1e-06,0.1957478174214713,-2.5636702563232365e-06,1.9552606041961609,0.0021955241238365,-0.0011676802948734,0,0.5806229710578918,1
2025-03-21 00:00:00+00:00,5.659999847412109,16.5,2.01699660376636,0.8808150771585457,1e-06,0.1957462925147781,-2.069324647097756e-06,2.016967165507564,0.0022279905055583,-0.0009287852178612,0,0.5806226134300232,1
2025-03-24 00:00:00+00:00,5.659999847412109,16.5,2.01699660376636,0.8628655865050446,1e-06,0.1957966599615428,-1.7854643987948317e-06,2.0169983733000554,0.0022251516571176,-0.0008024012175006,0,0.5806223750114441,1
2025-03-25 00:00:00+00:00,5.659999847412109,16.299999237060547,2.061154387288787,0.8729048742472004,1e-06,0.1958343986555722,-1.4319772786277458e-06,2.0611332939619813,0.0022384687612265,-0.0006397128713304,0,0.5806223154067993,1
2025-03-26 00:00:00+00:00,5.659999847412109,16.979999542236328,1.9110184286563336,0.8905839441459692,1e-06,0.1958437025064306,-1.741944584072703e-06,1.9110967417045648,0.0022761980081661,-0.0007652869292668,0,0.5806221961975098,1
2025-03-27 00:00:00+00:00,5.710000038146973,16.649999618530273,2.033878667419319,0.928218347205057,1e-06,0.1958350710877197,-1.164876896561764e-06,2.0338171991489475,0.0023669323754417,-0.0004921462516834,0,0.5806221961975098,1
2025-03-28 00:00:00+00:00,5.710000038146973,16.780000686645508,2.005175981793791,0.8961546375328948,1e-06,0.1959126882343657,-1.1274478053207696e-06,2.0051917131042414,0.0023866564840338,-0.0004723963473013,0,0.580622136592865,1
2025-03-31 00:00:00+00:00,5.710000038146973,16.780000686645508,2.005175981793791,0.9114953985617372,1e-06,0.1959039103406823,-1.027710079938292e-06,2.005177017001719,0.0024293320490871,-0.0004230422433707,0,0.580622136592865,1
2025-04-01 00:00:00+00:00,5.710000038146973,16.780000686645508,2.005175981793791,0.9090393453165748,1e-06,0.1959137225111978,-9.342292045992624e-07,2.0051769160744857,0.0024597748991901,-0.0003798027229673,0,0.580622136592865,1
2025-04-02 00:00:00+00:00,5.71999979019165,16.780000686645508,2.015175733838469,0.8926798075114692,1e-06,0.1958529716782094,-8.076277249839604e-07,2.015171441007742,0.0024545103790692,-0.0003290382195451,0,0.580622136592865,1
2025-04-03 00:00:00+00:00,5.71999979019165,16.780000686645508,2.015175733838469,0.9215317369999002,1e-06,0.1957462676617694,-7.442382077001537e-07,2.015176475506044,0.0025033997834623,-0.0002972909930793,0,0.580622136592865,1
2025-04-04 00:00:00+00:00,5.71999979019165,16.739999771118164,2.024007458990888,0.9114719998956058,1e-06,0.1956754609726612,-6.524133417158166e-07,2.02400360261219,0.0025250211144837,-0.000258379360859,0,0.580622136592865,1
2025-04-07 00:00:00+00:00,5.71999979019165,15.369999885559082,2.326487096983981,0.975164653283554,1e-06,0.1961292516346791,7.043353113560507e-07,2.3263323235728985,0.002666838423345,0.0002641087308441,0,0.580622136592865,1
2025-04-08 00:00:00+00:00,5.71999979019165,15.43000030517578,2.31323971981527,0.8692476036117838,1e-06,0.1965900794414524,5.919014452032128e-07,2.313245781270512,0.0025725852121747,0.0002300804041016,0,0.580622136592865,1
2025-04-09 00:00:00+00:00,5.510000228881836,15.43000030517578,2.1032401585054554,0.8827090985770772,1e-06,0.1967156122986931,7.61961014576762e-08,2.1033467295417,0.0025253827288871,3.017210048444886e-05,0,0.580622136592865,1
2025-04-10 00:00:00+00:00,5.510000228881836,16.899999618530273,1.7786818393110648,0.377469378238158,1e-06,0.1895222049586995,4.797958483771263e-07,1.7788524832531514,0.0016631929915651,0.0002884787579134,0,0.5806220769882202,1
2025-04-11 00:00:00+00:00,5.510000228881836,16.93000030517578,1.7720580454467507,0.999,1e-06,0.1802498576026001,4.417324859461148e-07,1.7720613692375753,0.0019397615190908,0.0002277251515707,0,0.5806220769882202,1
2025-04-14 00:00:00+00:00,5.510000228881836,15.760000228881836,2.0303801104773336,0.9033213091082254,1e-06,0.1805468647257255,1.484090652993537e-06,2.030235709962714,0.0020625978979713,0.0007195249517384,0,0.5806220769882202,1
2025-04-15 00:00:00+00:00,5.510000228881836,15.760000228881836,2.0303801104773336,0.822828226436192,1e-06,0.180879075555428,1.2215675275602813e-06,2.030378809840187,0.0020501992696565,0.0005958286814553,0,0.5806220769882202,1
2025-04-16 00:00:00+00:00,5.510000228881836,15.920000076293944,1.9950540521073257,0.8590344075110642,1e-06,0.1808775067296575,9.2990864728089e-07,1.9950726307566573,0.0020889839809245,0.0004451487688619,0,0.5806220769882202,1
2025-04-17 00:00:00+00:00,5.510000228881836,16.040000915527344,1.968559297769902,0.8574613098168662,1e-06,0.1808818504493104,7.110966892974126e-07,1.968573228660775,0.0021150030278492,0.0003362154474173,0,0.5806220769882202,1
2025-04-22 00:00:00+00:00,5.510000228881836,16.8700008392334,1.7853052120555453,0.8706983191170465,1e-06,0.1810240279392047,3.02374224944152e-09,1.785406336693389,0.0021524668609652,1.4047799314715289e-06,0,0.5806220769882202,1
2025-04-23 00:00:00+00:00,6.610000133514404,16.8700008392334,2.8853051166881136,0.999,1e-06,0.1843348556267059,5.943743960495734e-06,2.884703137500465,0.0023718865086945,0.0025059141483827,0,0.5806220769882202,1
2025-04-24 00:00:00+00:00,6.599999904632568,16.8700008392334,2.8753048878062777,0.2696864407725518,1e-06,0.1892333326141127,1.598528037108048e-06,2.875308251278959,0.0015285422141925,0.0010457859928667,0,0.5806220769882202,1
2025-04-25 00:00:00+00:00,6.599999904632568,16.8700008392334,2.8753048878062777,0.999,1e-06,0.1892240918602185,1.5969033561794016e-06,2.875303293521584,0.0018258599313384,0.0008746034286478,0,0.5806220769882202,1
2025-04-28 00:00:00+00:00,6.260000228881836,16.5,2.616996985236086,0.999,1e-06,0.1894716248574454,2.359020532550597e-07,2.617132935552618,0.0020806475050866,0.0001133791536905,0,0.5806220769882202,1
2025-04-29 00:00:00+00:00,6.400000095367432,16.299999237060547,2.801154635244109,0.999,1e-06,0.1894817522218955,1.203103882898811e-06,2.8010564167221053,0.0023070400817836,0.0005214924059614,0,0.5806220769882202,1
2025-04-30 00:00:00+00:00,6.400000095367432,16.399999618530273,2.7790757434828954,0.999,1e-06,0.1896123196716526,1.0865321324535256e-06,2.779086237740396,0.0025127252466327,0.0004324118340871,0,0.5806220769882202,1
2025-05-02 00:00:00+00:00,6.400000095367432,16.399999618530273,2.7790757434828954,0.999,1e-06,0.189611725602093,1.0853848862300394e-06,2.779074664198604,0.0027024360648237,0.0004016320313209,0,0.5806220769882202,1
2025-05-05 00:00:00+00:00,6.400000095367432,16.399999618530273,2.7790757434828954,0.999,1e-06,0.189611725602093,1.0842994750744523e-06,2.7790746591860627,0.0028793324675266,0.0003765801578328,0,0.580622136592865,1
2025-05-06 00:00:00+00:00,6.400000095367432,16.399999618530273,2.7790757434828954,0.999,1e-06,0.189611725602093,1.0832151812594055e-06,2.779074660267144,0.0030456487717441,0.000355659914337,0,0.580622136592865,1
2025-05-07 00:00:00+00:00,6.400000095367432,16.399999618530273,2.7790757434828954,0.999,1e-06,0.189611725602093,1.0821319717436856e-06,2.7790746613503527,0.0032030341204644,0.0003378459082998,0,0.580622136592865,1
2025-05-08 00:00:00+00:00,6.400000095367432,16.399999618530273,2.7790757434828954,0.999,1e-06,0.189611725602093,1.081049845426217e-06,2.77907466243248,0.0033527470534389,0.0003224370428772,0,0.580622136592865,1
2025-05-09 00:00:00+00:00,6.599999904632568,16.399999618530273,2.979075552748032,0.999,1e-06,0.1897689564145299,2.1225445766321944e-06,2.978968150468924,0.0034957740283627,0.0006071744224343,0,0.580622136592865,1
2025-05-12 00:00:00+00:00,6.300000190734863,16.399999618530273,2.679075838850327,0.999,1e-06,0.1897649531264565,5.586205452355697e-07,2.6792331477371905,0.0036329053460726,0.000153766886836,0,0.580622136592865,1
2025-05-13 00:00:00+00:00,6.300000190734863,16.399999618530273,2.679075838850327,0.999,1e-06,0.1901005518909416,5.572420396860441e-07,2.679075364564517,0.0037647858260575,0.0001480142737016,0,0.580622136592865,1
2025-05-14 00:00:00+00:00,6.949999809265137,16.399999618530273,3.3290754573806005,0.999,1e-06,0.1919542727093012,3.896601857500979e-06,3.3287332928224806,0.0038919497930578,0.0010011953043308,0,0.580622136592865,1
2025-05-15 00:00:00+00:00,7.5,16.399999618530273,3.879075648115464,0.038783367238135,1e-06,0.1979229754098332,1.4638670461287234e-06,3.878796425817628,0.001421716739578,0.0010296474715231,0,0.580622136592865,1
2025-05-16 00:00:00+00:00,7.5,16.399999618530273,3.879075648115464,0.536182780574427,1e-06,0.1956378035583923,7.859611480210117e-07,3.879074719977611,0.0015144657558961,0.0005189692437488,0,0.580622136592865,1
2025-05-19 00:00:00+00:00,7.5,16.5,3.85699675635425,0.999,1e-06,0.193338707849988,6.712005106204e-07,3.857007493021855,0.0018141156106638,0.0003699877266227,0,0.580622136592865,1
2025-05-20 00:00:00+00:00,7.5,16.799999237060547,3.790760502190442,0.6844002793572143,1e-06,0.1933615918638135,2.86360244415194e-07,3.790794441136472,0.0017530313431173,0.0001633514686086,0,0.580622136592865,1
2025-05-21 00:00:00+00:00,7.5,18.3700008392334,3.444122870115005,0.6948156110898318,1e-06,0.1940243622976652,-8.016133073504387e-07,3.444302161042864,0.0017322919392345,-0.0004627472363028,0,0.580622136592865,1
2025-05-22 00:00:00+00:00,7.5,17.049999237060547,3.735563483347325,0.8442507458928025,1e-06,0.1940291107973561,4.286482161795084e-07,3.7354130975156266,0.0018509757585635,0.0002315795948144,0,0.580622136592865,1
2025-05-23 00:00:00+00:00,7.5,16.5,3.85699675635425,0.555735068280454,1e-06,0.1948004139573611,4.883747783000953e-07,3.856933918095997,0.0016580961771293,0.0002945394754757,0,0.580622136592865,1
2025-05-26 00:00:00+00:00,7.5,16.989999771118164,3.74881064995612,0.4702280020907787,1e-06,0.1925080678817424,-8.697911650822527e-08,3.748866843922008,0.0015449239295007,-5.6299934804125246e-05,0,0.580622136592865,1
2025-05-27 00:00:00+00:00,7.5,16.989999771118164,3.74881064995612,-0.1254918660186777,1e-06,0.1895778507638072,1.0561016893660524e-08,3.7488106690108247,0.0014219113622323,7.427338422192707e-06,0,0.580622136592865,1
2025-05-28 00:00:00+00:00,7.5,16.989999771118164,3.74881064995612,0.9072926658128916,1e-06,0.1788082870408384,9.581786856250829e-09,3.7488106403903294,0.0016855702030723,5.684596725064118e-06,0,0.580622136592865,1
2025-05-29 00:00:00+00:00,7.5,16.989999771118164,3.74881064995612,0.247028975580013,1e-06,0.1788082870408384,2.367005438899487e-09,3.748810647585093,0.0014533927450048,1.628606890349874e-06,0,0.580622136592865,1
2025-05-30 00:00:00+00:00,7.5,16.989999771118164,3.74881064995612,0.2469598437564947,1e-06,0.1787956368192811,5.845632101096267e-10,3.7488106493705584,0.0014379978479156,4.065118810552726e-07,0,0.580622136592865,1
2025-06-02 00:00:00+00:00,7.5,16.989999771118164,3.74881064995612,0.2485706139355668,1e-06,0.1787460877065311,1.4530720583643552e-10,3.748810649810567,0.0014373500917782,1.0109381609087737e-07,0,0.580622136592865,1
2025-06-03 00:00:00+00:00,7.5,16.989999771118164,3.74881064995612,0.2480771284310914,1e-06,0.1787230057839498,3.604788475667475e-11,3.7488106499200105,0.0014372191696805,2.50816893603544e-08,0,0.580622136592865,1
2025-06-04 00:00:00+00:00,7.5,17.170000076293945,3.709068729009902,0.2463993631839714,1e-06,0.1787195199713686,-1.7818516263688998e-07,3.709091119180068,0.0014369035230083,-0.0001240063510066,0,0.580622136592865,1
2025-06-05 00:00:00+00:00,6.21999979019165,16.6299991607666,2.548294282040206,0.3182770368267522,1e-06,0.1842099722300449,-4.898076777293061e-06,2.548928640505053,0.0014518437776322,-0.0033736940935072,0,0.580622136592865,1
2025-06-06 00:00:00+00:00,7.199999809265137,16.6299991607666,3.5282943011136925,0.999,1e-06,0.1840791597475123,4.177293874121038e-07,3.527762425823535,0.001762279870723,0.000237039186767,0,0.580622136592865,1
2025-06-09 00:00:00+00:00,6.599999904632568,16.6299991607666,2.928294396481124,0.999,1e-06,0.1848007956225846,-2.817967095883206e-06,2.9286212483963614,0.0020251952496529,-0.0013914545258617,0,0.580622136592865,1
2025-06-10 00:00:00+00:00,6.599999904632568,16.6299991607666,2.928294396481124,0.999,1e-06,0.1861273371280292,-2.81688374200828e-06,2.9282973872712432,0.0022572573467809,-0.0012479231692502,0,0.580622136592865,1
2025-06-11 00:00:00+00:00,6.599999904632568,16.6299991607666,2.928294396481124,0.999,1e-06,0.1857701315442959,-2.814067805159603e-06,2.9282972106439566,0.0024671884938824,-0.0011405970042974,0,0.580622136592865,1
2025-06-12 00:00:00+00:00,6.599999904632568,16.6299991607666,2.928294396481124,0.999,1e-06,0.1854084113545755,-2.8112537529563964e-06,2.928297207736444,0.0026602339698713,-0.0010567693611898,0,0.580622136592865,1
2025-06-13 00:00:00+00:00,7.150000095367432,16.6299991607666,3.4782945872159874,0.999,1e-06,0.1868705000470557,1.1533851988286461e-07,3.478000466459128,0.002839840114375,4.061444139021483e-05,0,0.580622136592865,1
2025-06-16 00:00:00+00:00,7.150000095367432,17.0,3.3966028140354467,0.5337896632115606,1e-06,0.1745927583157324,4.144655512087192e-07,3.396648967035944,0.0020032347074651,0.0002068981481122,0,0.580622136592865,1
2025-06-17 00:00:00+00:00,7.150000095367432,16.469999313354492,3.513620645585996,0.999,1e-06,0.1605177150914949,1.1393466294407562e-06,3.513546726099189,0.0022376148525326,0.0005091790609769,0,0.580622136592865,1
2025-06-18 00:00:00+00:00,7.150000095367432,16.469999313354492,3.513620645585996,0.999,1e-06,0.1601127637941409,1.1386597396226064e-06,3.513619461526968,0.0024492660531489,0.0004648983470614,0,0.5806220769882202,1
2025-06-20 00:00:00+00:00,7.150000095367432,16.469999313354492,3.513620645585996,0.999,1e-06,0.1597821191106118,1.1375213695039268e-06,3.513619508035537,0.0026436537582479,0.0004302837941447,0,0.5806220769882202,1
2025-06-23 00:00:00+00:00,7.150000095367432,16.469999313354492,3.513620645585996,0.999,1e-06,0.1596928220703776,1.1363838553914665e-06,3.51361950920141,0.0028243454435929,0.0004023529975659,0,0.580622136592865,1
2025-06-24 00:00:00+00:00,7.150000095367432,16.469999313354492,3.513620645585996,0.999,1e-06,0.1595726337478894,1.1352474786079236e-06,3.513619510337805,0.002993822661358,0.0003791966348778,0,0.580622136592865,1
2025-06-25 00:00:00+00:00,7.150000095367432,16.469999313354492,3.513620645585996,0.7318456860529544,1e-06,0.1513587817670689,8.308248404743963e-07,3.5136198145602964,0.0025029885721878,0.000331933133737,0,0.580622136592865,1
2025-06-26 00:00:00+00:00,7.150000095367432,16.469999313354492,3.513620645585996,-0.999,1.6059932588719906e-06,0.13592918779985,-8.298461486397905e-07,3.513621474212168,0.002909524821108,-0.0002852170713992,0,0.580622136592865,1
2025-06-27 00:00:00+00:00,7.150000095367432,16.469999313354492,3.513620645585996,-0.999,2.1944700638500927e-06,0.1347522341898938,8.288212429320101e-07,3.5136198179928027,0.003351522139363,0.0002472969619378,0,0.580622136592865,1
2025-06-30 00:00:00+00:00,7.150000095367432,17.489999771118164,3.2884167076373165,-0.999,2.300155197848701e-06,0.1349109972238837,-3.47172476741798e-05,3.288618057116146,0.0036901779171835,-0.0094080145871874,0,0.580622136592865,1
2025-07-01 00:00:00+00:00,7.150000095367432,17.100000381469727,3.374523922274233,-0.999,2.319465722381637e-06,0.1349567449939122,5.0500257900908834e-05,3.3744099097794384,0.0039911124429613,0.0126531784364958,0,0.5806223154067993,1
2025-07-02 00:00:00+00:00,7.150000095367432,17.100000381469727,3.374523922274233,-0.999,2.292974452737372e-06,0.1350097275332007,-5.041394774332652e-05,3.374574214637882,0.0042616714174401,-0.0118296186648778,0,0.580622136592865,1
2025-07-03 00:00:00+00:00,7.150000095367432,17.100000381469727,3.374523922274233,-0.999,2.2929641207116023e-06,0.1350102592950375,5.033826385837932e-05,3.3744736584182844,0.0045182462414642,0.0111411067852879,0,0.5806223154067993,1
2025-07-04 00:00:00+00:00,7.150000095367432,17.100000381469727,3.374523922274233,-0.999,2.1934675675748106e-06,0.1348590361711456,-5.025938428720789e-05,3.3745741072492845,0.0047393467367145,-0.0106047071630908,0,0.5806220769882202,1
2025-07-07 00:00:00+00:00,7.150000095367432,17.100000381469727,3.374523922274233,-0.999,2.269077488893278e-06,0.1347078163285087,5.017735671401957e-05,3.374473819288538,0.0049751444719842,0.0100856079650701,0,0.5806223154067993,1
2025-07-08 00:00:00+00:00,7.150000095367432,17.100000381469727,3.374523922274233,-0.999,2.2682406302769264e-06,0.1347105013629089,-5.009218467779967e-05,3.37457394021567,0.0051921157419,-0.0096477403755773,0,0.580622136592865,1
2025-07-09 00:00:00+00:00,7.150000095367432,17.100000381469727,3.374523922274233,-0.999,2.2672392355110008e-06,0.1347132948931849,5.000389726718023e-05,3.374473992487819,0.0053995625309457,0.0092607312130566,0,0.5806223154067993,1
2025-07-10 00:00:00+00:00,7.150000095367432,17.100000381469727,3.374523922274233,-0.999,2.266803022360885e-06,0.1347141673194851,-4.991252354147793e-05,3.374573760822824,0.0055986364859166,-0.0089151213276719,0,0.580622136592865,1
2025-07-11 00:00:00+00:00,7.150000095367432,17.100000381469727,3.374523922274233,-0.999,2.266803022360885e-06,0.1347141673194851,4.981809288885789e-05,3.37447417801634,0.0057902059114788,0.0086038551392611,0,0.5806223154067993,1
2025-07-14 00:00:00+00:00,7.150000095367432,17.100000381469727,3.374523922274233,-0.999,2.266803022360885e-06,0.1347141673194851,-4.972063546499483e-05,3.3745735692191428,0.0059749352102837,-0.0083215355004047,0,0.5806221961975098,1
2025-07-15 00:00:00+00:00,7.150000095367432,17.100000381469727,3.374523922274233,0.999,1e-06,0.1265466218477661,-4.967091463768635e-05,3.374573593169959,0.0059469493829462,-0.0083523351956089,0,0.5806223154067993,1
2025-07-16 00:00:00+00:00,7.150000095367432,17.100000381469727,3.374523922274233,-0.999,4.532830319249509e-06,0.1116299920568646,4.955636710301472e-05,3.374474454583177,0.0065814410689952,0.0075297137182419,0,0.5806226134300232,1
2025-07-17 00:00:00+00:00,7.150000095367432,17.100000381469727,3.374523922274233,-0.999,4.568026602284957e-06,0.1112723501846271,-4.943415107080341e-05,3.3745732677635334,0.0069123729988784,-0.0071515456528205,0,0.5806223154067993,1
2025-07-18 00:00:00+00:00,7.150000095367432,16.799999237060547,3.4407605975578743,-0.999,4.647960308975908e-06,0.1111475436554755,0.0001032742830595,3.4405980197561647,0.0072352173390878,0.014273832867687,0,0.5806224942207336,1
2025-07-21 00:00:00+00:00,7.150000095367432,16.799999237060547,3.4407605975578743,-0.999,4.573597753783225e-06,0.1110262754078509,-0.0001029330964995,3.4408632921457407,0.0075274796992286,-0.0136743107404269,0,0.5806222558021545,1
2025-07-22 00:00:00+00:00,7.150000095367432,16.799999237060547,3.4407605975578743,-0.999,1.0173662362038426e-06,0.1071034625897214,0.0001026295358206,3.440658159186207,0.0073428542832235,0.0139767904771244,0,0.5806225538253784,1
2025-07-23 00:00:00+00:00,7.150000095367432,16.799999237060547,3.4407605975578743,-0.999,5.836999460779779e-06,0.0947489025898378,-0.0001022870165461,3.440862669197036,0.0080210993477184,-0.0127522440643104,0,0.5806223154067993,1
2025-07-24 00:00:00+00:00,6.599999904632568,16.75,2.901799642143701,-0.6219064282262662,0.0036238601263166,0.0875834851504672,-0.0216213698027911,2.924009830437943,0.0843932199082268,-0.2561979484406837,0,0.580622673034668,1
2025-07-25 00:00:00+00:00,6.599999904632568,16.75,2.901799642143701,-0.999,1.5532426199191867e-06,0.0895371845583961,0.0186493916799221,2.883192496462303,0.0549922859421288,0.3391274132438843,0,0.5807756781578064,1
2025-07-28 00:00:00+00:00,6.599999904632568,16.75,2.901799642143701,-0.999,5.773930997336007e-06,0.0809455079456426,-0.016219464472591,2.9179791529012475,0.051354707620189,-0.3158320867591638,0,0.5806592106819153,1
2025-07-29 00:00:00+00:00,6.599999904632568,16.75,2.901799642143701,-0.452893124946451,0.0035539779604186,0.0731924640342656,0.0058390068428074,2.8959891567675795,0.0854949663179283,0.0682964985458217,0,0.5807338953018188,1
2025-07-30 00:00:00+00:00,6.599999904632568,16.75,2.901799642143701,-0.5145195474402784,0.0041283203615333,0.069163580231059,-0.002247072537048,2.904035976281239,0.092978904977681,-0.0241675521731237,0,0.5807018280029297,1
2025-07-31 00:00:00+00:00,6.599999904632568,16.75,2.901799642143701,0.3316267634953201,0.0192154776862778,0.0502063663595323,-0.0011244331077581,2.9029261570424048,0.1851877538510226,-0.0060718545604412,0,0.5807267427444458,1
2025-08-01 00:00:00+00:00,6.599999904632568,16.75,2.901799642143701,-0.2895995364412422,0.0090441569326162,0.0501766818264664,7.335578316689081e-05,2.901728006254695,0.1296327849057593,0.0005658736963818,0,0.5807271003723145,1
2025-08-04 00:00:00+00:00,6.599999904632568,16.549999237060547,2.9459574256661285,0.1359380449525097,0.0252768071915802,0.0306048000799725,0.0174327983605356,2.92845312742094,0.2027214232144454,0.0859938633229434,0,0.5807308554649353,1
2025-08-05 00:00:00+00:00,6.599999904632568,16.549999237060547,2.9459574256661285,0.1526669464194559,0.0163280203138764,0.0364959749799969,0.0059587911969454,2.939975555977924,0.1727735628928249,0.0344890219150128,0,0.5807279944419861,1
2025-08-06 00:00:00+00:00,6.599999904632568,16.549999237060547,2.9459574256661285,-0.3995201238457606,0.0080220969524349,0.0378294479660412,-0.0005836352056761,2.946529522453297,0.1218847325911196,-0.0047884192980433,0,0.5807574391365051,1
2025-08-07 00:00:00+00:00,6.599999904632568,16.549999237060547,2.9459574256661285,-0.1297560128917551,0.0141276893690962,0.0317218741302617,-0.0001033434021716,2.9460619528940057,0.1555284198737774,-0.0006644663544807,0,0.5807659029960632,1
2025-08-08 00:00:00+00:00,6.599999904632568,16.549999237060547,2.9459574256661285,-0.1458613454114617,0.0137893805973815,0.0319010470925295,-1.6259952651916572e-05,2.9459738882036484,0.1540801591111014,-0.0001055291787451,0,0.5808202624320984,1
2025-08-11 00:00:00+00:00,6.599999904632568,16.549999237060547,2.9459574256661285,-0.1408605165752783,0.0139296360446067,0.0317520201453967,-2.6631992076642584e-06,2.945960120772188,0.1547764717578699,-1.7206744522710977e-05,0,0.5808536410331726,1
2025-08-12 00:00:00+00:00,6.599999904632568,16.549999237060547,2.9459574256661285,-0.1453995883338403,0.0136512616446019,0.0316629721876776,-4.183494050923032e-07,2.945957849274841,0.1533339318699242,-2.7283550352520538e-06,0,0.5808650255203247,1
2025-08-13 00:00:00+00:00,6.599999904632568,16.530000686645508,2.950372867122504,-0.1593163510121222,0.0135612880790235,0.0313150755920194,0.0011652804655182,2.949200009633755,0.1526896940744547,0.0076316903546224,0,0.5808992981910706,1
2025-08-14 00:00:00+00:00,6.599999904632568,16.530000686645508,2.950372867122504,-0.1416110725113784,0.0140511588483225,0.0308236146488553,0.0001970985392433,2.9501734509148974,0.1551418829848985,0.0012704405506189,0,0.5808696746826172,1
2025-08-15 00:00:00+00:00,6.599999904632568,16.530000686645508,2.950372867122504,-0.1384330498351734,0.0140964362010436,0.0307685798242284,3.398330108798445e-05,2.950338492867306,0.1554010307742337,0.0002186813106623,0,0.5808413028717041,1
2025-08-18 00:00:00+00:00,6.599999904632568,16.530000686645508,2.950372867122504,-0.1420181855981266,0.0140259852844652,0.0307951999375338,5.740056128592632e-06,2.9503670595613807,0.1550343322865162,3.702441932658203e-05,0,0.5808470249176025,1
2025-08-19 00:00:00+00:00,6.599999904632568,16.799999237060547,2.890760406823011,-0.1392959707008651,0.0141159015631164,0.0307213189552247,-0.0161450528900266,2.907008284943315,0.1554782775431409,-0.1038412127092597,0,0.5808281898498535,1
2025-08-20 00:00:00+00:00,6.599999904632568,16.799999237060547,2.890760406823011,-0.1435640966315725,0.013517170644509,0.0307741434490824,-0.0025715285868507,2.8933641777083072,0.1524729185129258,-0.0168654775676292,0,0.5808613300323486,1
2025-08-21 00:00:00+00:00,6.599999904632568,16.799999237060547,2.890760406823011,-0.0860238821982037,0.0128685879731223,0.0312227551670668,-0.0004773089347782,2.891242786543896,0.1496763056488617,-0.0031889411801624,0,0.5808314085006714,1
2025-08-22 00:00:00+00:00,6.599999904632568,16.8799991607666,2.8730973776380067,-0.1999355941263664,0.0108134615504817,0.0322660154990466,-0.0040992795604283,2.8772286878753257,0.1378277300878215,-0.0297420523273245,0,0.5808830261230469,1
2025-08-25 00:00:00+00:00,6.599999904632568,17.030000686645508,2.8399788294362693,-0.0780773817442405,0.0136517991904592,0.0294117961637121,-0.0098973300027237,2.849947416400508,0.1531468280125748,-0.0646264119940579,0,0.580913782119751,1
2025-08-26 00:00:00+00:00,6.349999904632568,17.030000686645508,2.5899788294362693,-0.0767394676290665,0.0138044682500677,0.0295623978505623,-0.0686714013072068,2.659125384099988,0.1541929162493093,-0.4453602861766642,0,0.5809863209724426,1
2025-08-27 00:00:00+00:00,6.349999904632568,17.5,2.4862085856143485,-0.0624104532590171,0.0138828797862426,0.0299320284732767,-0.0423873077311272,2.5289168395701087,0.1548363988004932,-0.2737554480696965,0,0.5814810395240784,1
2025-08-28 00:00:00+00:00,6.989999771118164,16.549999237060547,3.335957292151724,-0.0109096488965571,0.018957864683529,0.027067305338299,0.2727586903870361,3.061770639721564,0.1774243079777395,1.537324245453772,-1,0.5817425847053528,1
2025-08-29 00:00:00+00:00,6.989999771118164,16.549999237060547,3.335957292151724,0.2051124462804502,0.025008057111724,0.0238979687264498,0.1439623223148994,3.191611848903132,0.2031692406162116,0.7085832573782437,-1,0.5813304781913757,0
2025-09-01 00:00:00+00:00,6.5,16.549999237060547,2.84595752103356,0.2222172029029393,0.027347992679825,0.0225255290884149,-0.1228768952834476,2.969465372020042,0.2131520510537382,-0.5764753126981118,0,0.5818571448326111,1
2025-09-02 00:00:00+00:00,6.510000228881836,16.549999237060547,2.855957749915396,0.2986618016370183,0.0302211053971231,0.0206318909171457,-0.0706137185040318,2.926699715810237,0.2244517930898199,-0.3146052768479064,0,0.582693874835968,1
2025-09-03 00:00:00+00:00,6.510000228881836,16.549999237060547,2.855957749915396,0.2464400773005308,0.0268551024409643,0.0239977244073985,-0.0371570632528772,2.89320024916486,0.2153386287233779,-0.1725517779748142,0,0.5828486084938049,1
2025-09-04 00:00:00+00:00,6.510000228881836,17.3700008392334,2.6749111743693104,0.2394743799957339,0.0267518249852729,0.024196704850882,-0.0867951996248965,2.762042044707551,0.2144519895194779,-0.4047302140650611,0,0.5832682847976685,1
2025-09-05 00:00:00+00:00,7.0,16.610000610351562,3.3327099333049315,0.1505654739377771,0.0214756820872356,0.0272102539636556,0.1640058764707249,3.1677731088164345,0.1939525201289511,0.8455980688556356,0,0.5836690068244934,1
2025-09-08 00:00:00+00:00,7.0,18.5,2.9154206056093104,-0.0014594755399175,0.0190829432780248,0.0276482339820735,-0.0766277300892925,2.992448138902396,0.179935540944537,-0.4258621153277998,0,0.5833401083946228,1
2025-09-09 00:00:00+00:00,7.099999904632568,18.5,3.0154205102418787,0.1232036913906273,0.0241556438248587,0.022929377824776,0.0033792623132989,3.0119848297430827,0.198810312529819,0.0169974196524241,0,0.5834423303604126,1
2025-09-10 00:00:00+00:00,7.099999904632568,17.5,3.2362085856143485,0.147501460462001,0.0251803704521199,0.02218715182153,0.089170634042392,3.146656623552734,0.2036633134473863,0.4378335623289759,0,0.5834572911262512,1
2025-09-11 00:00:00+00:00,7.099999904632568,17.579999923706055,3.2185455564293446,0.1429463771330586,0.0248161902593207,0.0226338334524668,0.0354140304648288,3.1830322168110667,0.2030203567414599,0.1744358597001556,0,0.583446741104126,1
2025-09-12 00:00:00+00:00,7.099999904632568,17.489999771118164,3.238416516902453,0.1375807632185165,0.0245535959924199,0.0228906294510274,0.0239804621259326,3.214351553362457,0.2021470592167075,0.1186287953871487,0,0.5838027000427246,1
2025-09-15 00:00:00+00:00,7.099999904632568,17.0,3.3466026233005834,0.1403088982341531,0.0247230852792948,0.0227673668627178,0.052520572090666,3.293866086338321,0.202697875183959,0.2591076598262355,0,0.583321213722229,1
2025-09-16 00:00:00+00:00,8.0,16.739999771118164,4.304007668799237,0.1587617240125179,0.0294732318028685,0.0224872434896819,0.437746495995631,3.8646878948299337,0.2183112378902539,2.005148705242962,-1,0.5834358334541321,1
2025-09-17 00:00:00+00:00,8.0,16.739999771118164,4.304007668799237,0.3487549813568892,0.036760190593947,0.0187609249395622,0.3003137773871651,4.003241602574184,0.2427305119383744,1.2372312610761116,-1,0.5851559042930603,0
2025-09-18 00:00:00+00:00,8.0,16.739999771118164,4.304007668799237,0.1580915683256855,0.0244028032000633,0.0311114983483224,0.1236832502163958,4.179969339693432,0.2071286398295536,0.5971325371429801,-1,0.5874941945075989,-1
2025-09-19 00:00:00+00:00,8.0,16.739999771118164,4.304007668799237,0.1560809062980947,0.0243197579360222,0.0311818696617974,0.0526114984158025,4.251243998664203,0.2052548775752356,0.2563227682446568,-1,0.5892325043678284,-1
2025-09-22 00:00:00+00:00,8.0,16.739999771118164,4.304007668799237,0.1570550842222325,0.0243683807515574,0.0311332468462622,0.0226065330419441,4.281335983510856,0.205133953259864,0.1102037604340719,-1,0.5897591710090637,-1
2025-09-23 00:00:00+00:00,8.0,16.899999618530273,4.268681610429229,0.1570130620402453,0.0243728023046335,0.0311481699518301,-0.0016814664320958,4.270386817858753,0.2051080494366912,-0.008197954379235,0,0.591572105884552,1
2025-09-24 00:00:00+00:00,8.0,16.989999771118164,4.24881064995612,0.1582210345181033,0.0244009892344166,0.031152999503179,-0.0071516874331716,4.255993566004613,0.2052329313819328,-0.0348466855928814,0,0.5928215384483337,1
2025-09-25 00:00:00+00:00,7.800000190734863,17.489999771118164,3.938416803004748,0.1515028644680237,0.0245304090065271,0.0315840763188855,-0.1031506747859181,4.042026052940949,0.2056444524251134,-0.5015971671955558,0,0.5937525629997253,1
2025-09-26 00:00:00+00:00,7.800000190734863,17.489999771118164,3.938416803004748,0.1795122519699271,0.0247502442531683,0.0315289032969089,-0.0460676972060217,3.9846089378380025,0.2071334602261701,-0.222405868929724,0,0.5942997932434082,1
2025-09-29 00:00:00+00:00,7.800000190734863,17.489999771118164,3.938416803004748,0.129341797881387,0.0226932323445093,0.0333029169789172,-0.0178459377602087,3.956320298651234,0.1989673514347913,-0.0896927944786838,0,0.5944887399673462,1
2025-09-30 00:00:00+00:00,7.800000190734863,17.020000457763672,4.042187046826669,0.1120900320918268,0.021766632948737,0.0339874774683867,0.023499344696342,4.018560765203486,0.194719559161628,0.1206830212512768,0,0.5945717096328735,1
2025-10-01 00:00:00+00:00,7.800000190734863,17.020000457763672,4.042187046826669,0.0703480415285954,0.0204099571610225,0.0340151725969184,0.0078594982901079,4.034295484011,0.1882358272562587,0.0417534664079025,0,0.5936193466186523,1
2025-10-02 00:00:00+00:00,7.800000190734863,16.899999618530273,4.068681801164092,0.0854796287185693,0.0217087318985224,0.0321487603613853,0.0110727202428331,4.057558435705277,0.1928513767203825,0.0574158216090289,0,0.5933376550674438,1
2025-10-03 00:00:00+00:00,7.800000190734863,16.940000534057617,4.059850076011673,0.0822853717708417,0.0212309098721504,0.0324345265342311,0.0013254794507849,4.058522531413817,0.1911660212483373,0.0069336561075521,0,0.5949070453643799,1
2025-10-06 00:00:00+00:00,7.800000190734863,16.940000534057617,4.059850076011673,0.0679464008324075,0.0208583437808278,0.0326054756343608,0.0004579274337692,4.059390299130346,0.1894057125765374,0.0024177065598492,0,0.5945138931274414,1
2025-10-07 00:00:00+00:00,7.800000190734863,16.90999984741211,4.066473869875988,0.0727710338872888,0.0210556726659119,0.0323911022695375,0.0021583739518108,4.064304894322148,0.1901292153553866,0.0113521425298917,0,0.5944386124610901,1
2025-10-08 00:00:00+00:00,7.800000190734863,16.90999984741211,4.066473869875988,0.0716320229241573,0.0210329741089031,0.0323781073801727,0.0007608056859523,4.065710037957135,0.1900400193733838,0.0040033972237054,0,0.5935019850730896,1
2025-10-09 00:00:00+00:00,7.800000190734863,16.90999984741211,4.066473869875988,0.0740639085622209,0.0210307842565963,0.0321326652370873,0.0002699515794974,4.066202850210214,0.1900165750499368,0.0014206738513546,0,0.5938068628311157,1
2025-10-10 00:00:00+00:00,7.800000190734863,17.010000228881836,4.044394978114774,0.2337714090277523,0.0185313472524903,0.0313599993339895,-0.0058183513636799,4.050250464483077,0.1833778951709891,-0.0317287498488009,0,0.5943852663040161,1
2025-10-13 00:00:00+00:00,7.800000190734863,17.010000228881836,4.044394978114774,-0.2284046890636374,0.0102207078589096,0.0349052864485279,-0.000196880280688,4.044602417600792,0.1347592652309427,-0.0014609776949334,0,0.5941678881645203,1
2025-10-14 00:00:00+00:00,7.800000190734863,17.010000228881836,4.044394978114774,0.0586015614275994,0.0182998166430705,0.0268241235600712,-7.842237031773587e-05,4.044473774916178,0.1747228885994033,-0.0004488385634325,0,0.5930148363113403,1
2025-10-15 00:00:00+00:00,7.800000190734863,17.489999771118164,3.938416803004748,0.0609888066534116,0.0181233496848231,0.0267416778811733,-0.0331327335171756,3.971739652478202,0.1756389083991736,-0.1886411947054182,0,0.5925310850143433,1
2025-10-16 00:00:00+00:00,7.800000190734863,17.489999771118164,3.938416803004748,0.0718344516325767,0.0181958707431725,0.0266987610291831,-0.0119666895151956,3.9504387479489504,0.1763014019418412,-0.0678763151250679,0,0.5917426943778992,1
2025-10-17 00:00:00+00:00,7.800000190734863,16.81999969482422,4.086344830349097,0.0685664716011377,0.0182679791314483,0.0266106500267273,0.0416254652698028,4.044476081461217,0.1765791181969022,0.2357326602083637,0,0.5904858708381653,1
2025-10-20 00:00:00+00:00,7.800000190734863,16.81999969482422,4.086344830349097,0.0772887489849171,0.0185213918044717,0.0264170185179354,0.0153507473120459,4.070925153886213,0.1777469139340269,0.0863629470255868,0,0.5892331004142761,1
2025-10-21 00:00:00+00:00,7.800000190734863,16.8700008392334,4.075305173908573,0.0753640681292959,0.0184504077066233,0.0264905316849043,0.0021618780843445,4.073137566753278,0.1774977598760353,0.0121797485548795,0,0.5848259925842285,1
2025-10-22 00:00:00+00:00,7.800000190734863,16.8700008392334,4.075305173908573,0.0754712352180607,0.0184514532621036,0.0264920066639497,0.000788355166983,4.074513254929188,0.1774980771446077,0.0044414856750294,0,0.5826441049575806,1
2025-10-23 00:00:00+00:00,7.800000190734863,16.8700008392334,4.075305173908573,0.0752491524512249,0.0184432127937576,0.0265002471322957,0.0002877298861518,4.075016141606647,0.1774616914325775,0.0016213633704779,0,0.5820489525794983,1
2025-10-24 00:00:00+00:00,7.800000190734863,16.8700008392334,4.075305173908573,0.0752491524512249,0.0184432127937576,0.0265002471322957,0.0001050221671503,4.075199676355657,0.1774599583521412,0.0005918076851,0,0.5819723606109619,1
2025-10-27 00:00:00+00:00,7.800000190734863,16.8700008392334,4.075305173908573,0.0760617971497304,0.018276015805578,0.0265342855695985,3.816898666799933e-05,4.075266831082951,0.1767876888289313,0.000215902967683,0,0.5820921659469604,1
2025-10-28 00:00:00+00:00,7.800000190734863,16.8700008392334,4.075305173908573,0.1035867853520113,0.0183962645258067,0.0263549160844503,1.4641725481214944e-05,4.075290470023732,0.1777297407930199,8.238196610136493e-05,0,0.5821741223335266,1
2025-10-29 00:00:00+00:00,7.800000190734863,17.489999771118164,3.938416803004748,0.0486796041595874,0.0170361543973334,0.0273862072270824,-0.0397929239844608,3.978451975750516,0.1712536059288149,-0.2323625465790287,0,0.5822704434394836,1
2025-10-30 00:00:00+00:00,7.800000190734863,17.489999771118164,3.938416803004748,-0.0252410827510506,0.0128932529931937,0.029957286176008,-0.0086924302005973,3.947182635194973,0.1505753347257818,-0.0577281147435429,0,0.5816153287887573,1
2025-10-31 00:00:00+00:00,7.800000190734863,17.489999771118164,3.938416803004748,-0.3086299904269333,0.0089753096853875,0.0279314231889971,-6.654186620658198e-05,3.938504627706881,0.1256186092047224,-0.0005297134447503,0,0.5814160108566284,1
2025-11-03 00:00:00+00:00,7.800000190734863,17.399999618530273,3.958287763477857,-0.0994889498300674,0.014943982111021,0.020708384401641,0.0070528472520775,3.951189995574428,0.1560978287897376,0.0451822251901892,0,0.5813586115837097,1
2025-11-04 00:00:00+00:00,7.800000190734863,17.079999923706055,4.028939880217875,-0.035686234272714,0.0169936325130688,0.0186895796599614,0.0292061936164709,3.999563808650788,0.1656817738627006,0.1762788563615568,0,0.5811837315559387,1
2025-11-05 00:00:00+00:00,7.800000190734863,17.079999923706055,4.028939880217875,-0.0361829226646478,0.0169550731641704,0.0187126606222927,0.0101707995035987,4.018704352687532,0.1659050311238684,0.0613049491911125,0,0.5811136364936829,1
2025-11-06 00:00:00+00:00,7.800000190734863,17.079999923706055,4.028939880217875,-0.0453161627133249,0.016377659665561,0.0185560088512623,0.0034124714208324,4.025504457729851,0.1632962864342166,0.0208974220746112,0,0.581224262714386,1
2025-11-07 00:00:00+00:00,7.800000190734863,17.079999923706055,4.028939880217875,-0.0246891161729892,0.0164213309562439,0.0184962484180066,0.0011963703312715,4.027735832628084,0.163645082957701,0.0073107624723489,0,0.5813470482826233,1
2025-11-10 00:00:00+00:00,7.800000190734863,17.079999923706055,4.028939880217875,-0.0979383323545523,0.0146487026195925,0.0195720602242337,0.0003274637974182,4.028609594953887,0.1552202817240638,0.0021096714538917,0,0.5813208818435669,1
2025-11-11 00:00:00+00:00,7.800000190734863,17.110000610351562,4.02231608635356,-0.074743782191992,0.0152624773811635,0.0189583661455471,-0.0022433647436382,4.024573303003584,0.1578227050940824,-0.0142144613622033,0,0.5813530087471008,1
2025-11-12 00:00:00+00:00,7.800000190734863,18.200000762939453,3.781657050507981,-0.0785995232598638,0.0153841162926015,0.019048139022696,-0.0858464532520649,3.868034539482359,0.1584155522500057,-0.5419067259039391,0,0.5815039873123169,1
2025-11-13 00:00:00+00:00,7.800000190734863,18.200000762939453,3.781657050507981,-0.0638570391814057,0.0156299680712088,0.0190487700342842,-0.0271891801742837,3.8090468212256257,0.1597080994157821,-0.170242963717825,0,0.582042932510376,1
2025-11-14 00:00:00+00:00,7.800000190734863,18.100000381469727,3.803735942269195,-0.0752425236686608,0.0152781322683797,0.0194025354228771,-0.0005125780215539,3.804264435916156,0.1581837162541691,-0.003240396885924,0,0.5821360945701599,1
2025-11-17 00:00:00+00:00,7.800000190734863,17.209999084472656,4.00023761571218,-0.0725969818881293,0.0154655773403,0.019412819615041,0.0688141126498601,3.930999524522455,0.1590232098203699,0.4327299941158999,0,0.5820552110671997,1
2025-11-18 00:00:00+00:00,7.800000190734863,18.0,3.825814834030409,-0.0789379880858404,0.0154899061453944,0.019390048302286,-0.0404961779084529,3.8665258165106073,0.1590693277042104,-0.254581939164008,0,0.5817022919654846,1
2025-11-19 00:00:00+00:00,7.800000190734863,18.0,3.825814834030409,-0.0650717492758972,0.0158130052221019,0.0191977246196637,-0.0128144457493792,3.838722965811897,0.1605921421082193,-0.0797949736590716,0,0.5818321704864502,1
2025-11-21 00:00:00+00:00,6.03000020980835,18.0,2.055814853103895,-0.1254832918334955,0.024138872544195,0.0239425021487745,-0.7476296090842747,2.80637765425294,0.1941914350516778,-3.849961811576896,1,0.5819787979125977,1
2025-11-24 00:00:00+00:00,6.110000133514404,17.5,2.2462088144961845,0.372041088228079,0.034634968827104,0.0178277464268152,-0.4313191081234314,2.678014486988698,0.2324889043961513,-1.8552244858467808,1,0.5899896025657654,1
2025-11-25 00:00:00+00:00,6.230000019073486,17.670000076293945,2.328674710397153,0.1895014598820832,0.0110270258806329,0.0416661167829132,-0.1146156488706625,2.443698544253725,0.1475180473526247,-0.7769601816697532,1,0.5997781753540039,1
2025-11-26 00:00:00+00:00,6.230000019073486,17.899999618530273,2.2778935541302454,0.7217965028899251,0.0323346738687577,0.0197150865388118,-0.129982254540169,2.408032338137126,0.2304152380823688,-0.5641217812760411,1,0.6042752265930176,1
2025-11-27 00:00:00+00:00,6.230000019073486,18.0,2.255814662369032,0.2363241272321266,0.0107792703519775,0.0398387535957857,-0.0443433721674511,2.3003513940715283,0.1480794786953012,-0.2994565658803757,1,0.6084152460098267,1
2025-11-28 00:00:00+00:00,6.5,18.0,2.5258146432955453,0.4343787116631038,0.0177824845408247,0.0331146101035282,0.0481240163265171,2.4772428298842164,0.1830980079938873,0.2628320037655666,0,0.6106286644935608,1
2025-12-01 00:00:00+00:00,6.5,17.510000228881836,2.6340007496936755,0.5655970481226603,0.0233952437358946,0.0281262560459209,0.0735269513372029,2.560236842669485,0.2117550175141097,0.3472264893666743,0,0.6120315194129944,1
2025-12-02 00:00:00+00:00,6.5,18.200000762939453,2.4816568597731177,0.6239237314605215,0.0232533140803998,0.02696401740178,0.0033745522208231,2.478515268103726,0.2205099111969558,0.0153034038357081,0,0.6124086380004883,1
2025-12-03 00:00:00+00:00,6.5,18.299999237060547,2.459578389131738,0.4230185911719856,0.0153094789254394,0.0340416305960599,-0.0017809789444151,2.461394504627432,0.1836309560045218,-0.0096986857944108,0,0.6129932403564453,1
2025-12-04 00:00:00+00:00,6.5,18.299999237060547,2.459578389131738,0.6768093099234362,0.0315818220122498,0.017758203692923,-0.0015325773918832,2.461112153501348,0.2383888577242842,-0.0064288969145354,0,0.6132050156593323,1
2025-12-05 00:00:00+00:00,6.25,18.5,2.1654206056093104,0.6024997508066391,0.0262930459130872,0.0232897617922107,-0.1121759780259286,2.2781452010401733,0.232588434129453,-0.48229387865217,0,0.6149216294288635,1
2025-12-08 00:00:00+00:00,6.25,18.5,2.1654206056093104,0.6999972317888327,0.0351949496420519,0.0146989102639607,-0.097637643086003,2.263123303798222,0.2599857076701453,-0.3755500406579271,0,0.6165212988853455,1
2025-12-09 00:00:00+00:00,6.25,18.5,2.1654206056093104,0.6543873556899436,0.0297306890948215,0.0201631708111911,-0.0779623313527963,2.2434456350413106,0.2529756148670694,-0.3081812110379218,0,0.6183749437332153,1
2025-12-10 00:00:00+00:00,6.25,17.1200008392334,2.470107964330592,0.6160222305447088,0.0277675242354931,0.0225706777586852,0.049313810637924,2.420299737258578,0.2481162795009782,0.1987528216089086,0,0.6195603609085083,1
2025-12-11 00:00:00+00:00,6.25,17.1200008392334,2.470107964330592,0.7262178137563412,0.0388387063930579,0.0119373366818237,0.0442234553935902,2.4258583437191525,0.2760109178074803,0.1602235728386526,0,0.6198248863220215,1
2025-12-12 00:00:00+00:00,6.53000020980835,18.09000015258789,2.5359438926307862,0.6223345377296304,0.0265386552347041,0.0242650696493308,0.0536313020761021,2.482165900413848,0.2488206162899509,0.2155420353657733,0,0.6194011569023132,1
2025-12-15 00:00:00+00:00,7.400000095367432,17.850000381469727,3.458932865744881,0.4759430008888563,0.0258813193859636,0.029136424842582,0.2757768859070398,3.18169025662014,0.2351248723738192,1.17289541987965,0,0.6190160512924194,1
2025-12-16 00:00:00+00:00,7.400000095367432,17.850000381469727,3.458932865744881,0.999,10.71135253866263,1e-06,0.277242575972084,3.1816902735146497,3.277331712104484,0.0845939930181975,0,0.6170099377632141,-1
2025-12-17 00:00:00+00:00,7.400000095367432,17.850000381469727,3.458932865744881,0.6905199831991298,0.0293917415689224,0.0289461028559659,0.2238351540711252,3.234957756836959,0.2532493121522354,0.8838529596343837,0,0.6175834536552429,-1
2025-12-18 00:00:00+00:00,7.400000095367432,17.850000381469727,3.458932865744881,0.6911743886985248,0.0296290279342615,0.0286789408967529,0.1796356173229078,3.279185164069756,0.2604854992053859,0.6896184926642304,0,0.6177187561988831,-1
2025-12-19 00:00:00+00:00,7.400000095367432,18.5,3.315420700976742,0.6857259044966144,0.0294818599461595,0.028913621072241,0.0935206800414303,3.222039472534427,0.263972733407514,0.3542815912621386,0,0.618087112903595,-1
2025-12-22 00:00:00+00:00,6.900000095367432,18.39999961853028,2.837499592737955,0.7649610164244023,0.0434457118928081,0.0165599508433348,-0.1933235913926006,3.0315539610024502,0.2989424210331481,-0.6466917298805309,0,0.618087112903595,-1
2025-12-23 00:00:00+00:00,7.380000114440918,18.71999931335449,3.2468474950714263,0.4955265617627502,0.0213330029558933,0.038689390001154,-0.0530086846943155,3.2994232087772986,0.2293086348512194,-0.2311674164765264,0,0.618087112903595,1
2025-12-26 00:00:00+00:00,7.389999866485596,18.809999465942383,3.236976286642994,0.7539926571308487,0.0464380677022129,0.0142678434190256,-0.0545215073962707,3.291533593829464,0.2903831665059323,-0.1877571212281581,0,0.618087112903595,1
2025-12-29 00:00:00+00:00,7.389999866485596,18.450000762939453,3.3164597074155964,0.6025198655248475,0.0263910692590517,0.0343363258614987,-0.0178515136661636,3.334224808533408,0.2490569395533946,-0.0716764355097863,0,0.618087112903595,1
2025-12-30 00:00:00+00:00,6.900000095367432,18.40999984741211,2.835291661449851,0.4636359370851527,0.0212971267638554,0.0400970598654547,-0.0933108757254974,2.929285723564455,0.2193123218725089,-0.4254702833329224,0,0.618087112903595,1
