data,PLAS3,INEP4,spread_observado,rho,var_mr,var_rw,mr_filtrado,rw_filtrado,std_mr,zscore_mr,sinal,prob_quebra,sinal_finrl
2025-01-02 00:00:00+00:00,5.699999809265137,1.309999942779541,4.666267330709125,-0.999,1e-06,0.0783423666680153,0.2138434086954392,4.452970137741612,0.0363936808304363,5.875838986767186,0,0.5845057368278503,-1
2025-01-03 00:00:00+00:00,5.989999771118164,1.2899999618530271,4.972049453445588,0.999,1.5976254803816912,1e-06,0.5190412834380296,4.452989053427756,1.2645723912391715,0.4104480589912405,0,0.5849770307540894,-1
2025-01-06 00:00:00+00:00,5.989999771118164,1.3300000429153442,4.940485037609617,0.999,1.0822053415883188,1e-06,0.4874989200809865,4.452988983944195,1.0410207504382152,0.4682893399346506,0,0.585719108581543,-1
2025-01-07 00:00:00+00:00,5.989999771118164,1.340000033378601,4.9325939571679,0.999,1.042501454973107,1e-06,0.4796057007196849,4.452988966761055,1.0217736128195072,0.4693854829508165,0,0.5881116986274719,-1
2025-01-08 00:00:00+00:00,5.989999771118164,1.2999999523162842,4.96415837300387,0.999,1.0581384676019308,1e-06,0.5111663052719339,4.452989040034444,1.0293975561588835,0.4965684076221346,0,0.5899147987365723,-1
2025-01-09 00:00:00+00:00,5.989999771118164,1.399999976158142,4.885247474517594,0.999,1.13985689112501,1e-06,0.4322654775273558,4.452988873546191,1.068353290280751,0.4046091133521584,0,0.5905790328979492,-1
2025-01-10 00:00:00+00:00,5.989999771118164,1.3300000429153442,4.940485037609617,0.999,1.1861392137314872,1e-06,0.4874913584297424,4.452988987190082,1.089799098831451,0.4473222256766961,0,0.5913109183311462,-1
2025-01-13 00:00:00+00:00,5.989999771118164,1.2899999618530271,4.972049453445588,0.999,1.1481391905476055,1e-06,0.5190576070539576,4.45298905483167,1.0722234153068229,0.4840946389008174,0,0.5932186841964722,-1
2025-01-14 00:00:00+00:00,5.989999771118164,1.3300000429153442,4.940485037609617,0.999,1.1754979714789666,1e-06,0.4874986871325673,4.45298899082742,1.0849068317007144,0.4493461308270663,0,0.5955126285552979,-1
2025-01-15 00:00:00+00:00,6.0,1.409999966621399,4.887356622957712,-0.999,1e-06,0.0772680388882333,-0.4543688621944389,5.340617560855001,0.0376753846754836,-12.06009881805159,1,0.5984820127487183,-1
2025-01-16 00:00:00+00:00,6.0,1.4600000381469729,4.847901126680024,0.999,1.6536935681621328,1e-06,-0.4927117712664228,5.340615244041811,1.2865868696295495,-0.3829603603900376,1,0.5993027091026306,1
2025-01-17 00:00:00+00:00,6.0,1.440000057220459,4.863683287563459,0.999,1.6759021358673991,1e-06,-0.4769328915080977,5.3406152670092535,1.2951893114622353,-0.3682341162695767,1,0.6008248925209045,1
2025-01-20 00:00:00+00:00,5.800000190734863,1.440000057220459,4.6636834782983225,0.999,2.0395511675328453,1e-06,-0.676921713243952,5.340615019983855,1.4286935939193102,-0.4738046815111451,1,0.6039459109306335,1
2025-01-21 00:00:00+00:00,5.5,1.350000023841858,4.434703105608018,0.999,1.2567641375206398,1e-06,-0.9058931834039068,5.340614560573572,1.1217750897938934,-0.8075533069381572,1,0.6108850240707397,1
2025-01-22 00:00:00+00:00,5.5,1.3700000047683716,4.418920944724583,0.999,0.7386236162624764,1e-06,-0.9216912977663548,5.340614503694737,0.8603719108357538,-1.0712707913384063,1,0.6222462058067322,1
2025-01-23 00:00:00+00:00,5.5,1.3300000429153442,4.450485266491453,0.999,0.7318431125957188,1e-06,-0.8901335281281096,5.340614609027792,0.8564229802777198,-1.0393620309434697,1,0.6327580213546753,1
2025-01-24 00:00:00+00:00,5.5,1.4900000095367432,4.324227885354871,0.999,0.7833008891733593,1e-06,-1.0163700875570694,5.340614200487806,0.8859566008893384,-1.147200761907321,1,0.6417350769042969,1
2025-01-27 00:00:00+00:00,6.0,1.409999966621399,4.887356622957712,0.5470406187939869,0.007930647034949,0.0703346746976033,-0.5460956249287827,5.43332171504601,0.1249587944479495,-4.370205613309223,1,0.6531928181648254,1
2025-01-28 00:00:00+00:00,6.0,1.399999976158142,4.89524770339943,0.999,1.862240849454185,1e-06,-0.538074810041282,5.433322112058074,1.3675183662189938,-0.393468068387986,1,0.6576539278030396,1
2025-01-29 00:00:00+00:00,6.0,1.3899999856948853,4.903138783841147,0.999,2.0542694014772054,1e-06,-0.5301837175324283,5.433322143451274,1.436013942899414,-0.369205132132596,1,0.6608006358146667,1
2025-01-30 00:00:00+00:00,6.0,1.4199999570846558,4.8794655425159945,0.999,2.1007428736094096,1e-06,-0.5538553479284312,5.433322042453753,1.4521055458967391,-0.3814153519993624,1,0.66214919090271,1
2025-01-31 00:00:00+00:00,6.199999809265137,1.399999976158142,5.095247512664566,0.999,2.5399347688429765,1e-06,-0.3380837457619865,5.433322785376328,1.5961840158937062,-0.2118074998844621,1,0.6638838648796082,1
2025-02-03 00:00:00+00:00,6.5,1.340000033378601,5.442594186049736,0.999,0.8056923748209713,1e-06,0.0092245648178241,5.433326561298929,0.9019767228257544,0.0102270541848629,0,0.6614140868186951,1
2025-02-04 00:00:00+00:00,6.5,1.3700000047683716,5.418920944724583,0.999,1.4099559500241936,1e-06,-0.0144037946004056,5.433326414383942,1.1907252369533536,-0.0120966568553294,0,0.6572574973106384,1
2025-02-05 00:00:00+00:00,6.5,1.350000023841858,5.434703105608018,0.999,1.1608956591576025,1e-06,0.0013752142608621,5.433326533485637,1.081095415398987,0.0012720563247922,0,0.6575465202331543,1
2025-02-06 00:00:00+00:00,7.400000095367432,1.4500000476837158,6.255792302489174,0.5548759342290616,0.011570383646212,0.0712016325100927,0.0949743242296756,6.1598448885015085,0.1563787277288015,0.6073353173353866,0,0.6543951034545898,1
2025-02-07 00:00:00+00:00,7.400000095367432,1.440000057220459,6.263683382930891,0.999,0.5679980685642282,1e-06,0.1038353048187531,6.159846501350217,0.762272831880476,0.1362180317545863,0,0.6481473445892334,0
2025-02-10 00:00:00+00:00,7.400000095367432,1.409999966621399,6.287356718325143,0.999,1.8206431717401408,1e-06,0.1275087284905374,6.159846683915599,1.3541440174029358,0.0941618667230697,0,0.639948844909668,0
2025-02-11 00:00:00+00:00,7.400000095367432,1.4700000286102295,6.2400101416057385,-0.999,1e-06,0.0840390402970374,-0.0877339329197358,6.327591512358872,0.0898571962007743,-0.9763706929348837,0,0.6355646252632141,0
2025-02-12 00:00:00+00:00,7.400000095367432,1.590000033378601,6.145317082236026,0.999,1e-06,0.0611163128698351,-0.0876647468834852,6.233136154850127,0.089772906799358,-0.9765167466328736,0,0.6321016550064087,1
2025-02-13 00:00:00+00:00,7.400000095367432,1.5299999713897705,6.192663658955432,-0.999,1e-06,0.0492729761325824,0.0623460719989047,6.130474367878254,0.0698072655001409,0.8931172357521858,0,0.6306142807006836,1
2025-02-14 00:00:00+00:00,7.400000095367432,1.5499999523162842,6.176881498071996,-0.999,1.119806473797034e-06,0.0490221072389071,-0.0469005092150319,6.223623595967591,0.0590774789970327,-0.7938813573508707,0,0.6293447017669678,0
2025-02-17 00:00:00+00:00,7.400000095367432,1.559999942779541,6.168990417630279,-0.1245915547026644,1e-06,0.0412554896642946,0.0051994170293866,6.163922938652234,0.0071388237330521,0.7283296553903896,0,0.6291300654411316,1
2025-02-18 00:00:00+00:00,7.400000095367432,1.5499999523162842,6.176881498071996,-0.999,1e-06,0.0342444623027897,-0.0051419654207063,6.1819710603675,0.0071816370621445,-0.7159879253451054,0,0.6298891305923462,0
2025-02-19 00:00:00+00:00,7.400000095367432,1.5299999713897705,6.192663658955432,-0.2224375042960391,0.0005289416203188,0.0336284022860621,0.0012942507810089,6.191341675681072,0.0324319916254091,0.0399066081404302,0,0.6287523508071899,1
2025-02-20 00:00:00+00:00,7.400000095367432,1.5,6.216336900280584,-0.3188515995008069,0.0003112085404107,0.0337582008140549,-2.940669023727353e-05,6.216294073041051,0.0258374514354737,-0.0011381420613683,0,0.6270778775215149,1
2025-02-21 00:00:00+00:00,7.400000095367432,1.5099999904632568,6.208445819838867,-0.5640310662026613,0.000216768600274,0.0336817259164939,-0.0001026934697718,6.208571006623997,0.0232134788481481,-0.0044238724597722,0,0.6242852807044983,1
2025-02-24 00:00:00+00:00,6.130000114440918,1.3700000047683716,5.048921059165501,0.0118873689980948,0.0064502384714588,0.0334363061952299,-0.1850522459825066,5.236843882927638,0.1089579096063993,-1.698382858582651,1,0.619626522064209,1
2025-02-25 00:00:00+00:00,6.130000114440918,1.409999966621399,5.01735673739863,0.999,0.363438650428801,1e-06,-0.2194690376575865,5.236835295464082,0.6074775518378767,-0.3612792554944619,1,0.6133365035057068,1
2025-02-26 00:00:00+00:00,6.130000114440918,1.3300000429153442,5.080485380932371,0.999,0.4132138636338645,1e-06,-0.1563661204602787,5.236836286727342,0.6471516351353311,-0.241622074288014,1,0.6080389618873596,1
2025-02-27 00:00:00+00:00,6.130000114440918,1.3899999856948853,5.033138898282065,-0.5581099700550977,1e-06,0.0450978794145869,0.0633833803724793,4.9702523745778615,0.036728538231018,1.7257256461938528,0,0.6021345257759094,1
2025-02-28 00:00:00+00:00,7.079999923706055,1.4600000381469729,5.927901050386079,-0.345757539040481,0.0020278149393416,0.0449760619981603,0.0304396115018887,5.8954874228661645,0.0638359350726289,0.4768413193486746,0,0.5946583151817322,0
2025-03-05 00:00:00+00:00,7.079999923706055,1.4600000381469729,5.927901050386079,0.999,1.075869486675478,1e-06,0.0324132596338736,5.895487604476673,1.0383192048437888,0.0312170472073182,0,0.5917782187461853,-1
2025-03-06 00:00:00+00:00,7.099999904632568,1.3799999952316284,6.011029768915433,0.193891953598202,0.0015871879916515,0.0475209499444004,0.0089985579261341,6.001815290274689,0.0568090157930494,0.1584001729393645,0,0.5893583297729492,-1
2025-03-07 00:00:00+00:00,7.300000190734863,1.399999976158142,6.195247894134293,0.9882828217253904,0.1778607462784715,1e-06,0.1932071847213846,6.001937071478721,0.4239061115070285,0.4557782477693322,0,0.5859844088554382,-1
2025-03-10 00:00:00+00:00,7.300000190734863,1.3600000143051147,6.226812215901163,0.999,1.728775085592051,1e-06,0.2248732500153924,6.001937123108891,1.315527237543331,0.170937737811746,0,0.5830241441726685,-1
2025-03-11 00:00:00+00:00,7.300000190734863,1.399999976158142,6.195247894134293,0.999,1.7570313396172192,1e-06,0.1933126031859812,6.001937074298678,1.3262236488786037,0.1457616921168898,0,0.582001268863678,-1
2025-03-12 00:00:00+00:00,7.0,1.3899999856948853,5.903138783841147,0.9620210409068451,0.0593946318064305,1e-06,-0.0980002329338987,6.001616891963412,0.2474530198238966,-0.3960357121672709,0,0.581853985786438,-1
2025-03-13 00:00:00+00:00,7.0,1.3600000143051147,5.9268120251663,0.999,1.4945970767036438,1e-06,-0.0748064560349325,6.001616936017846,1.2232893474249806,-0.0611518903458121,0,0.5812711715698242,-1
2025-03-14 00:00:00+00:00,6.429999828338623,1.3799999952316284,5.341029692621488,-0.3034083443725086,0.001293622721141,0.0501866606834078,-0.0022422696018759,5.344524657587449,0.051806785570506,-0.0432813882811619,0,0.5818251371383667,-1
2025-03-17 00:00:00+00:00,6.099999904632568,1.3899999856948853,5.003138688473715,-0.999,1e-06,0.0550597192273479,-0.013436489292332,5.017140336625963,0.035538665722792,-0.3780808597919538,0,0.5811589956283569,-1
2025-03-18 00:00:00+00:00,6.0,1.409999966621399,4.887356622957712,-0.0554636674115592,1e-06,0.0546025753593926,0.0005719154727829,4.887016966852606,0.0024048053580348,0.2378219388409522,0,0.5807860493659973,-1
2025-03-19 00:00:00+00:00,6.980000019073486,1.3899999856948853,5.883138802914633,-0.0225853826533353,0.0040772355563704,0.0523355734778831,0.0717244973043449,5.809654889888042,0.0886613813501184,0.8089711237535228,0,0.5819733142852783,-1
2025-03-20 00:00:00+00:00,6.980000019073486,1.399999976158142,5.875247722472916,0.999,0.6496284089136961,1e-06,0.0655946734089911,5.809653981607433,0.8084543117318672,0.0811359064539769,0,0.5826342105865479,-1
2025-03-21 00:00:00+00:00,6.119999885559082,1.399999976158142,5.015247588958512,0.999,6.656309655652216,1e-06,-0.7943928428590087,5.80965335053039,2.580751957203352,-0.3078144881927581,0,0.5826943516731262,-1
2025-03-24 00:00:00+00:00,6.119999885559082,1.409999966621399,5.007356508516794,0.999,0.1510087718533082,1e-06,-0.8022908092620242,5.809653070319315,0.3936758942657848,-2.0379475120220816,1,0.5869190096855164,-1
2025-03-25 00:00:00+00:00,6.119999885559082,1.440000057220459,4.983683173122541,0.999,0.1459942313217199,1e-06,-0.825952335100037,5.809652253927894,0.3872559444820808,-2.1328331995127208,1,0.5937656164169312,1
2025-03-26 00:00:00+00:00,6.050000190734863,1.4199999570846558,4.929465733250858,0.999,0.1455412078896232,1e-06,-0.8801468992359138,5.8096504116850936,0.3866718799015203,-2.276211291754845,1,0.6001872420310974,1
2025-03-27 00:00:00+00:00,6.050000190734863,1.4199999570846558,4.929465733250858,-0.999,1e-06,0.0660503466822338,0.7105555530679071,4.221062898525865,0.0567142019659042,12.528705834476575,0,0.6094087958335876,1
2025-03-28 00:00:00+00:00,6.050000190734863,1.440000057220459,4.9136834782983225,0.999,0.7104406503965978,1e-06,0.6926252939047448,4.221060608177926,0.8448892222142917,0.8197823758356243,0,0.6062944531440735,0
2025-03-31 00:00:00+00:00,6.050000190734863,1.409999966621399,4.937356813692575,0.999,0.0255603778508071,0.0389191032440581,0.7015971526393974,4.235721992822344,0.2105554473222257,3.332125392917054,-1,0.6079444289207458,-1
2025-04-01 00:00:00+00:00,6.050000190734863,1.4199999570846558,4.929465733250858,0.999,1.0406785998721393,1e-06,0.6937449765862147,4.235721443758187,1.0293557679791934,0.673960352841038,-1,0.6087945699691772,-1
2025-04-02 00:00:00+00:00,5.800000190734863,1.3600000143051147,4.726812215901163,0.999,0.520874612379449,1e-06,0.4911372056247264,4.235713768669379,0.7346906199189774,0.6684952717633575,-1,0.6078904867172241,-1
2025-04-03 00:00:00+00:00,6.0,1.3700000047683716,4.918920944724583,0.999,1.644506900263348,1e-06,0.6831931500201455,4.235716086781648,1.2897300542929018,0.5297179419415081,-1,0.605427622795105,-1
2025-04-04 00:00:00+00:00,6.0,1.340000033378601,4.942594186049736,0.999,1.2845538853032523,1e-06,0.7068758270422154,4.235716462291951,1.1416880464047083,0.619149713679003,-1,0.6057980060577393,-1
2025-04-07 00:00:00+00:00,6.0,1.3600000143051147,4.9268120251663,-0.999,1e-06,0.0622315106458482,-0.3238091154642205,5.249605302936923,0.0925301583047859,-3.499498124683011,0,0.6043714880943298,-1
2025-04-08 00:00:00+00:00,6.0,1.3700000047683716,4.918920944724583,0.999,0.6397621237796787,1e-06,-0.3306823097850745,5.249604379426536,0.8052757910732926,-0.4106447920709656,0,0.6065093874931335,1
2025-04-09 00:00:00+00:00,6.0,1.309999942779541,4.966267521443989,0.999,0.7018912616171635,1e-06,-0.2833441985458336,5.249605023607322,0.8429704987087401,-0.3361258774534335,0,0.6066686511039734,1
2025-04-10 00:00:00+00:00,6.0,1.3200000524520874,4.958376346933171,0.999,0.6677344813561545,1e-06,-0.291227336319746,5.249604906099295,0.8224618413206991,-0.3540922164268396,0,0.6087457537651062,1
2025-04-11 00:00:00+00:00,6.199999809265137,1.340000033378601,5.142593995314873,0.999,0.9617506723015292,1e-06,-0.1070318683121308,5.249606743618907,0.9851196255953868,-0.1086486001610646,0,0.6101869940757751,1
2025-04-14 00:00:00+00:00,6.199999809265137,1.3300000429153442,5.15048507575659,0.999,0.6842435737256383,1e-06,-0.0991229175083985,5.249606853191536,0.8324389304911155,-0.1190753025569321,0,0.6157821416854858,1
2025-04-15 00:00:00+00:00,6.199999809265137,1.3799999952316284,5.111029673548002,0.999,0.7009101124539387,1e-06,-0.1385709958255482,5.249606310903967,0.8423907122038895,-0.1644972977717362,0,0.6218334436416626,1
2025-04-16 00:00:00+00:00,6.150000095367432,1.350000023841858,5.08470320097545,0.999,0.6725842671031379,1e-06,-0.1648987971968664,5.249605932665903,0.8254073332621696,-0.1997786917462369,0,0.6254496574401855,1
2025-04-17 00:00:00+00:00,6.150000095367432,1.4500000476837158,5.005792302489174,0.999,0.6732027946471222,1e-06,-0.2438007578354332,5.24960480361394,0.8257825338584274,-0.2952360310847051,0,0.6277741193771362,1
2025-04-22 00:00:00+00:00,6.150000095367432,1.4500000476837158,5.005792302489174,0.999,0.6190649262681172,1e-06,-0.2438124558912372,5.249604799646065,0.7923256421126114,-0.3077174875233746,0,0.6303814053535461,1
2025-04-23 00:00:00+00:00,6.5,1.5399999618530271,5.284772483146282,0.999,1.2703877190039592,1e-06,0.0351436362818921,5.249606909287874,1.1309746795051263,0.031073760464089,0,0.6315642595291138,1
2025-04-24 00:00:00+00:00,6.5,1.5,5.316336804913153,0.999,0.4900968876491577,1e-06,0.0667228259690117,5.2496075295148,0.7062675691292798,0.0944724476748533,0,0.6316825151443481,1
2025-04-25 00:00:00+00:00,6.5,1.440000057220459,5.363683287563459,0.999,0.4886326804777458,1e-06,0.1140651243782737,5.249608462610669,0.7052309350626572,0.1617415214041049,0,0.6316313743591309,1
2025-04-28 00:00:00+00:00,6.5,1.3799999952316284,5.411029864282865,0.999,0.4590731798284043,1e-06,0.1614100714022118,5.249609456927451,0.6839533385751873,0.2359957358179748,0,0.6291850805282593,1
2025-04-29 00:00:00+00:00,6.650000095367432,1.3600000143051147,5.576812120533732,0.999,0.506551124247218,1e-06,0.3271667642614498,5.249612607702697,0.7178238753456962,0.4557758184121277,0,0.6199585199356079,1
2025-04-30 00:00:00+00:00,5.960000038146973,1.3799999952316284,4.871029902429838,0.999,6.474445842983916,1e-06,-0.3785707618038205,5.249611559381191,2.546206365640401,-0.1486803139417199,0,0.6145063638687134,0
2025-05-02 00:00:00+00:00,5.960000038146973,1.840000033378601,4.508039825834427,-0.999,1e-06,0.0674883586634611,0.1883433382308915,4.320792804142236,0.0759578651042546,2.479576512220085,-1,0.6136452555656433,0
2025-05-05 00:00:00+00:00,5.960000038146973,1.690000057220459,4.626406126529291,-0.999,1e-06,0.0668131406479221,-0.1250389692668543,4.750896449577932,0.0654871775231714,-1.9093656803671464,0,0.6141684651374817,-1
2025-05-06 00:00:00+00:00,5.960000038146973,1.909999966621399,4.452802262742402,-0.999,1e-06,0.0668008622109904,0.0818980695497673,4.371407272509111,0.0584080010834989,1.4021721002348193,-1,0.6072441339492798,1
2025-05-07 00:00:00+00:00,5.960000038146973,1.850000023841858,4.500148745392709,-0.999,1e-06,0.0668709957071168,-0.0640609378575358,4.56394863838167,0.0532177901348565,-1.2037504318612684,0,0.6014039516448975,0
2025-05-08 00:00:00+00:00,5.849999904632568,2.0,4.27178231118344,-0.999,1e-06,0.0659892676701426,0.0380380278836301,4.234204028816119,0.049152223609794,0.773882137776789,0,0.5953929424285889,1
2025-05-09 00:00:00+00:00,6.199999809265137,2.0,4.621782215816008,0.999,2.7496520630194348,1e-06,0.3875532715343641,4.234216231667293,1.658991646788249,0.2336077293002975,0,0.5924481749534607,0
2025-05-12 00:00:00+00:00,6.199999809265137,2.0299999713897705,4.598108974490854,0.999,1.8641092199427367,1e-06,0.36389403491702,4.234216187916395,1.366276489554012,0.2663399668362912,0,0.5890783667564392,0
2025-05-13 00:00:00+00:00,5.989999771118164,1.899999976158142,4.490693076155312,0.999,1.9306979560117865,1e-06,0.2564826266395681,4.234215993734593,1.3904320127819678,0.1844625442177494,0,0.5884203910827637,0
2025-05-14 00:00:00+00:00,5.949999809265137,1.919999957084656,4.434910953418848,0.999,1.7508172853410846,1e-06,0.2006982421558396,4.234215882628563,1.324168233617539,0.1515655164204818,0,0.5879898071289062,0
2025-05-15 00:00:00+00:00,6.0,1.809999942779541,4.571713123081706,0.999,2.04126541771617,1e-06,0.3374902944279705,4.2342161178056426,1.429640040066107,0.2360666216457989,0,0.5862824320793152,0
2025-05-16 00:00:00+00:00,6.0,1.7000000476837158,4.658515007940601,0.999,1.3190803606144164,1e-06,0.4242920530095205,4.234216349357625,1.1496462865506156,0.3690631266096297,0,0.5855386257171631,0
2025-05-19 00:00:00+00:00,6.070000171661377,1.649999976158142,4.767970675879665,-0.999,1e-06,0.0656286005799141,-0.3594018936066625,5.126109953661939,0.0475321160303932,-7.561243294467508,1,0.5859028100967407,0
2025-05-20 00:00:00+00:00,6.070000171661377,1.6799999475479126,4.744297434554512,-0.999,1e-06,0.0651748866170803,0.3141755516899336,4.431118016987577,0.0445310499048143,7.05520198516513,0,0.5854684114456177,1
2025-05-21 00:00:00+00:00,5.800000190734863,1.659999966621399,4.4900796145114334,0.999,0.307406569035429,1e-06,0.0591246643111602,4.431037815488415,0.5563966309109325,0.106263519630522,0,0.5866597294807434,-1
2025-05-22 00:00:00+00:00,5.800000190734863,1.659999966621399,4.4900796145114334,-0.999,1e-06,0.0657385979469975,-0.0523242783447006,4.542244748375667,0.0438922130613666,-1.192108456038545,0,0.5867072939872742,-1
2025-05-23 00:00:00+00:00,5.800000190734863,1.649999976158142,4.497970694953152,-0.999,1e-06,0.0657252741830351,0.0472338597098635,4.450868015938419,0.0415122043007478,1.1378306814946149,0,0.5878839492797852,1
2025-05-26 00:00:00+00:00,6.0,1.6699999570846558,4.682188343334853,-0.999,1e-06,0.0658038404352916,-0.0340568736674082,4.715862999057754,0.039482602482727,-0.8625792507550013,0,0.5881645679473877,0
2025-05-27 00:00:00+00:00,6.0,1.6799999475479126,4.674297262893135,-0.999,1e-06,0.0657516458791785,0.0307677575014511,4.64363425825924,0.0377220023361846,0.8156448649582226,0,0.5896901488304138,1
2025-05-28 00:00:00+00:00,5.800000190734863,1.7000000476837158,4.458515198675464,0.999,0.1365068251368135,1e-06,-0.1848064683591562,4.643479563101859,0.3716459830919995,-0.4972648078195645,0,0.5907137393951416,0
2025-05-29 00:00:00+00:00,5.800000190734863,1.6299999952316284,4.513752855836588,0.999,0.0084430683467339,0.0575867151269376,-0.1775421984411814,4.691212168336475,0.1318912991302604,-1.3461251774147325,1,0.5924943089485168,1
2025-05-30 00:00:00+00:00,5.800000190734863,1.6200000047683716,4.521643936278305,-0.999,1e-06,0.0660500060677133,0.1165813918672563,4.405402766483396,0.0761986707043909,1.52996621580878,0,0.5935443639755249,1
2025-06-02 00:00:00+00:00,5.800000190734863,1.6200000047683716,4.521643936278305,-0.999,1e-06,0.066050796162795,-0.0863243568109808,4.607707935541279,0.065545539453531,-1.317013446386859,1,0.5941465497016907,0
2025-06-03 00:00:00+00:00,5.800000190734863,1.6200000047683716,4.521643936278305,-0.999,1e-06,0.0660318544334379,0.0685299638649032,4.453320706766508,0.0583807681222165,1.17384484769779,0,0.5949928760528564,1
2025-06-04 00:00:00+00:00,5.800000190734863,1.6699999570846558,4.482188534069716,-0.999,1e-06,0.0652438716415407,-0.0600917538076926,4.542157116361838,0.0530863921657893,-1.1319615320631602,0,0.5963590145111084,0
2025-06-05 00:00:00+00:00,5.760000228881836,1.6200000047683716,4.481643974425277,-0.999,1e-06,0.0652377378860847,0.0511973105738613,4.430603906543964,0.049008025666284,1.0446719670464808,0,0.5939253568649292,1
2025-06-06 00:00:00+00:00,5.78000020980835,1.659999966621399,4.47007963358492,-0.999,1e-06,0.0632792047945744,-0.0452058557540269,4.515161425153655,0.0456522817273245,-0.990221168440954,0,0.5942965745925903,0
2025-06-09 00:00:00+00:00,5.78000020980835,1.659999966621399,4.47007963358492,-0.999,1e-06,0.062921108076076,0.0399112887808312,4.430294699460468,0.0428870993027805,0.9306129215935012,0,0.5934090614318848,1
2025-06-10 00:00:00+00:00,5.75,1.649999976158142,4.447970504218288,-0.999,1e-06,0.0628110110844884,-0.0368716506233342,4.484760335533391,0.0405649904933285,-0.9089525271649772,0,0.5923563838005066,0
2025-06-11 00:00:00+00:00,5.75,1.6699999570846558,4.432188343334853,-0.999,1e-06,0.0627857464430462,0.0326176866524649,4.399699230585381,0.0385814275251936,0.8454245668117296,0,0.5922706127166748,1
2025-06-12 00:00:00+00:00,6.059999942779541,1.6799999475479126,4.734297205672676,-0.999,1e-06,0.0629075359096496,-0.0168045422770096,4.750569858327735,0.0368652216519366,-0.4558372776290307,0,0.592087984085083,0
2025-06-13 00:00:00+00:00,6.059999942779541,1.75,4.679059548511553,-0.999,1e-06,0.0630592705105535,0.0133047608452185,4.665883371393066,0.0353621606719914,0.3762428706953,0,0.5886690616607666,1
2025-06-16 00:00:00+00:00,5.599999904632568,1.7000000476837158,4.258514912573169,-0.999,1e-06,0.0637879820151433,-0.0275325178009328,4.28661883803687,0.034042904903887,-0.8087593546633323,0,0.5863897800445557,1
2025-06-17 00:00:00+00:00,5.460000038146973,1.7300000190734863,4.09484180476242,-0.999,1e-06,0.0650866250818141,0.0202591000014806,4.074896412586628,0.0328828504126043,0.616099265947916,0,0.5846602916717529,1
2025-06-18 00:00:00+00:00,5.460000038146973,1.649999976158142,4.157970542365261,-0.999,1e-06,0.0648500910102244,-0.0170286429724887,4.174850221817752,0.0318301791041144,-0.5349842021557308,0,0.5824686288833618,0
2025-06-20 00:00:00+00:00,5.460000038146973,1.6799999475479126,4.134297301040108,-0.999,1e-06,0.0648273816942288,0.0153285484790384,4.119052106448691,0.0308723240310267,0.4965142392141653,0,0.5802233219146729,1
2025-06-23 00:00:00+00:00,5.5,1.7400000095367432,4.12695068617373,-0.999,1e-06,0.0648003055273985,-0.0146723352528222,4.141589280435267,0.0299958908242911,-0.4891448411640563,0,0.5802187323570251,0
2025-06-24 00:00:00+00:00,5.5,1.6699999570846558,4.182188343334853,-0.999,1e-06,0.0645820287600744,0.0153380621526116,4.166812334779079,0.0291878072082234,0.5254955277452369,0,0.579613983631134,1
2025-06-25 00:00:00+00:00,5.449999809265137,1.6399999856948853,4.155861393925143,-0.999,1e-06,0.0645872550403377,-0.0152138632556219,4.17106884486655,0.0284421064447052,-0.5349063468698951,0,0.5784841179847717,0
2025-06-26 00:00:00+00:00,5.099999904632568,1.6100000143051147,3.829534730617728,-0.999,1e-06,0.065066797932436,0.0068020498070907,3.823253562906972,0.0277560074554722,0.2450658589137143,0,0.578748881816864,1
2025-06-27 00:00:00+00:00,5.099999904632568,1.6399999856948853,3.805861489292575,-0.999,1e-06,0.0655430226489237,-0.0070316636951654,3.8129085533422944,0.0271221127341591,-0.2592594376436363,0,0.57865309715271,1
2025-06-30 00:00:00+00:00,5.119999885559082,1.6100000143051147,3.8495347115442415,-0.999,1e-06,0.0651150107430455,0.0076604461062493,3.841830888436271,0.0265265292147547,0.2887843352679712,0,0.5788639187812805,1
2025-07-01 00:00:00+00:00,5.119999885559082,1.6299999952316284,3.833752550660806,-0.999,1e-06,0.0647660029732832,-0.0076615902087684,3.841414768841676,0.0259662072848535,-0.2950600418736364,0,0.5784618258476257,1
2025-07-02 00:00:00+00:00,5.300000190734863,1.6299999952316284,4.013752855836588,-0.999,1e-06,0.06490311426086,0.0109176863104428,4.002592222293644,0.0254415837546274,0.4291276209743454,0,0.578477680683136,1
2025-07-03 00:00:00+00:00,5.300000190734863,1.6299999952316284,4.013752855836588,-0.999,1e-06,0.0650582132597162,-0.0104872306882051,4.024207554882094,0.0249492338331176,-0.4203427952278181,0,0.5774186849594116,1
2025-07-04 00:00:00+00:00,5.300000190734863,1.690000057220459,3.966406279117182,-0.999,1e-06,0.0650582132848298,0.0092266327626004,3.957280448279269,0.0244850080314491,0.3768278430111001,0,0.5769534111022949,1
2025-07-07 00:00:00+00:00,5.300000190734863,1.659999966621399,3.990079614511434,-0.999,1e-06,0.0650582132784298,-0.0084755024710293,3.9984930021815326,0.0240463937652643,-0.3524645963035179,0,0.5770135521888733,1
2025-07-08 00:00:00+00:00,5.119999885559082,1.649999976158142,3.81797038977737,-0.999,1e-06,0.0650864017773626,0.0052458496334177,3.813004165207872,0.0236313538197024,0.2219868431339755,0,0.5768318772315979,1
2025-07-09 00:00:00+00:00,5.25,1.649999976158142,3.947970504218288,-0.999,1e-06,0.0650875842754181,-0.0029300839407812,3.950692902342321,0.023237752852621,-0.1260915355871329,0,0.5768778324127197,1
2025-07-10 00:00:00+00:00,5.300000190734863,1.649999976158142,3.997970694953152,-0.999,1e-06,0.0652309170080377,0.0036331280484291,3.994271939061297,0.0228646522977266,0.1588971483633883,0,0.5767871141433716,1
2025-07-11 00:00:00+00:00,5.300000190734863,1.649999976158142,3.997970694953152,-0.999,1e-06,0.0652234841147825,-0.0035164354859029,4.001476274262489,0.0225096024533544,-0.1562193509720951,0,0.5768258571624756,1
2025-07-14 00:00:00+00:00,5.099999904632568,1.6200000047683716,3.82164365017601,-0.999,1e-06,0.06533235549595,0.0007733476890541,3.821141733518103,0.0221718326233559,0.0348797369252869,0,0.5767269134521484,1
2025-07-15 00:00:00+00:00,5.099999904632568,1.6200000047683716,3.82164365017601,-0.999,1e-06,0.0653214453236606,-0.0007540790387911,3.8223958404286273,0.021849466125242,-0.0345124697541216,0,0.5767568945884705,1
2025-07-16 00:00:00+00:00,5.099999904632568,1.649999976158142,3.797970408850857,-0.999,1e-06,0.0645983136133432,0.0003943438912107,3.797613815886573,0.0215380894852461,0.0183091397907346,0,0.5767211318016052,1
2025-07-17 00:00:00+00:00,5.099999904632568,1.5499999523162842,3.876881307337133,-0.999,1e-06,0.0643873319633383,0.0007140144105091,3.8760473790064,0.0212394228752493,0.0336174111087182,0,0.57671058177948,1
2025-07-18 00:00:00+00:00,5.099999904632568,1.590000033378601,3.845316891501163,-0.999,1e-06,0.0643982749440857,-0.0011195234266712,3.846481626834956,0.020953617173896,-0.0534286475399543,0,0.5766608119010925,1
2025-07-21 00:00:00+00:00,5.099999904632568,1.5099999904632568,3.908445629104004,-0.999,1e-06,0.0643743705232919,0.0019206619815879,3.90643322202733,0.0206796699969983,0.0928768196913559,0,0.5767142176628113,1
2025-07-22 00:00:00+00:00,5.150000095367432,1.4500000476837158,4.005792302489174,-0.999,1e-06,0.0636582194414655,-0.000602998042027,4.006240816315839,0.0204139920888346,-0.0295384675081207,0,0.5766487717628479,1
2025-07-23 00:00:00+00:00,5.150000095367432,1.5,3.966336900280585,-0.999,1e-06,0.0622464484319575,7.797798538702373e-05,3.966322111352271,0.0201532988931809,0.0038692417454994,0,0.5766643285751343,1
2025-07-24 00:00:00+00:00,5.150000095367432,1.5199999809265137,3.950554739397149,-0.999,1e-06,0.0622490412444444,-0.0002759791356269,3.950855208952931,0.0199031264512839,-0.0138661197929106,0,0.5766406059265137,1
2025-07-25 00:00:00+00:00,5.150000095367432,1.5099999904632568,3.9584458198388672,-0.999,1e-06,0.0622492938666798,0.0003658281178011,3.958068566470765,0.0196627999659093,0.0186050877004005,0,0.5766629576683044,1
2025-07-28 00:00:00+00:00,5.150000095367432,1.440000057220459,4.013683382930891,-0.999,1e-06,0.0620934669907535,0.0003097213547864,4.013285959906678,0.0194311458864741,0.0159394282043906,0,0.5766297578811646,1
2025-07-29 00:00:00+00:00,5.150000095367432,1.399999976158142,4.045247798766861,-0.999,1e-06,0.0607179708583964,7.928038546731349e-05,4.045116817180613,0.0192031647236972,0.0041285062440504,0,0.5766583681106567,1
2025-07-30 00:00:00+00:00,5.150000095367432,1.4199999570846558,4.029465637883426,-0.999,1e-06,0.0602220634474366,-0.0002639424417412,4.029754742009034,0.0189819874674235,-0.0139048896852456,0,0.5766037702560425,1
2025-07-31 00:00:00+00:00,5.5,1.3799999952316284,4.411029864282865,-0.999,1e-06,0.060852006876313,0.0046380156341157,4.405782073540389,0.0187712963654935,0.2470801986079964,0,0.5766080617904663,1
2025-08-01 00:00:00+00:00,5.5,1.399999976158142,4.39524770339943,-0.999,1e-06,0.0583841363875097,-0.0047023901770255,4.399959931117248,0.0185594945146655,-0.2533684402508779,0,0.5766071081161499,1
2025-08-04 00:00:00+00:00,5.5,1.399999976158142,4.39524770339943,-0.999,1e-06,0.0553021445038277,0.0045842290096008,4.390680020533216,0.0183439472156447,0.2499041757867223,0,0.5766109228134155,1
2025-08-05 00:00:00+00:00,5.5,1.409999966621399,4.387356622957712,-0.999,1e-06,0.055287862310033,-0.0045648374076934,4.391919249617166,0.0181365632107016,-0.2516925260128639,0,0.5766026377677917,1
2025-08-06 00:00:00+00:00,5.5,1.4600000381469729,4.347901126680024,-0.999,1e-06,0.055288659572002,0.0040002832416167,4.343986376011555,0.0179368949825188,0.2230198284327028,0,0.5766228437423706,1
2025-08-07 00:00:00+00:00,5.199999809265137,1.4800000190734863,4.032118775061726,-0.999,1e-06,0.0556759090538926,-0.00744567364628,4.040103120637178,0.0177458886857676,-0.4195717542312513,0,0.5765928626060486,1
2025-08-08 00:00:00+00:00,5.199999809265137,1.4299999475479126,4.071574271339413,-0.999,1e-06,0.0559212548329466,0.0077007806119175,4.0638316010984985,0.0175625095314312,0.4384783733859709,0,0.5766300559043884,1
2025-08-11 00:00:00+00:00,5.199999809265137,1.4600000381469729,4.047900935945161,-0.999,1e-06,0.0559134267312364,-0.0077812721291292,4.055696574680487,0.0173854829958038,-0.4475729625117339,0,0.5766038298606873,1
2025-08-12 00:00:00+00:00,5.199999809265137,1.4700000286102295,4.040009855503444,-0.999,1e-06,0.0559129074189506,0.0075272619176098,4.032523526882469,0.0172145089720777,0.4372626561593602,0,0.5766294598579407,1
2025-08-13 00:00:00+00:00,5.199999809265137,1.3799999952316284,4.111029673548002,-0.999,1e-06,0.055948336084389,-0.0066347253780162,4.117514332343012,0.0170493934414285,-0.3891472972812284,0,0.5766093134880066,1
2025-08-14 00:00:00+00:00,5.199999809265137,1.3799999952316284,4.111029673548002,-0.999,1e-06,0.0559810037059766,0.0064957935060774,4.104556750337995,0.0168898334027754,0.3845978436359242,0,0.576624870300293,1
2025-08-15 00:00:00+00:00,5.010000228881836,1.5700000524520874,3.771099376633866,-0.999,1e-06,0.0563447494428008,-0.0097073790475126,3.78137364613842,0.0167365194690894,-0.5800118158044231,0,0.5766022801399231,1
2025-08-18 00:00:00+00:00,5.010000228881836,1.5499999523162842,3.7868816315864007,-0.999,1e-06,0.0566733752109096,0.0096573972008425,3.777231459776991,0.0165890014105464,0.5821566326893493,0,0.5766375064849854,1
2025-08-19 00:00:00+00:00,5.010000228881836,1.4500000476837158,3.865792436003578,-0.999,1e-06,0.0513591172335653,-0.008626315538231,3.874232226590933,0.0164301989355636,-0.5250280639973951,0,0.5766124725341797,0
2025-08-20 00:00:00+00:00,4.329999923706055,1.399999976158142,3.2252476271054844,0.999,2.9030293317844538,1e-06,-0.6489404770201949,3.87421016117522,1.703965081626456,-0.3808414174783283,0,0.5766280889511108,1
2025-08-21 00:00:00+00:00,5.010000228881836,1.4600000381469729,3.85790135556186,0.999,9.82435893926323,1e-06,-0.0163153264956315,3.874210249375032,3.134458105665316,-0.0052051506019948,0,0.5812128782272339,1
2025-08-22 00:00:00+00:00,5.010000228881836,1.5700000524520874,3.771099376633866,0.999,7.195044229414692,1e-06,-0.103109649710565,3.8742102328615298,2.682445508475451,-0.0384386744799773,0,0.5821533799171448,1
2025-08-25 00:00:00+00:00,5.119999885559082,1.5,3.9363366904722352,0.999,0.1614293799290607,1e-06,0.0620228910488552,3.8742116322423,0.4023679836993083,0.1541446972958098,0,0.5819597840309143,1
2025-08-26 00:00:00+00:00,5.119999885559082,1.5099999904632568,3.9284456100305176,0.999,7.048406795255954,1e-06,0.0542340889146569,3.8742116307387935,2.6549724050806485,0.0204273644467538,0,0.5829415321350098,1
2025-08-27 00:00:00+00:00,5.119999885559082,1.5,3.9363366904722352,0.999,6.995428187051647,1e-06,0.0621249446017052,3.874211632296684,2.644976533643371,0.0234879001047809,0,0.58299720287323,1
2025-08-28 00:00:00+00:00,4.630000114440918,1.5099999904632568,3.4384458389123536,0.999,9.184007687933804,1e-06,-0.4357602984928017,3.874211557889824,3.030590926660347,-0.1437872378813597,0,0.5833367705345154,1
2025-08-29 00:00:00+00:00,4.5,1.5199999809265137,3.300554644029717,0.999,6.974552912078464,1e-06,-0.5736549032853477,3.874211530644963,2.641027752324082,-0.2172089644951804,0,0.5839108228683472,1
2025-09-01 00:00:00+00:00,4.5,1.4800000190734863,3.332118965796589,0.999,7.016138067321855,1e-06,-0.542093012584506,3.874211536716516,2.648889152795529,-0.2046491873819647,0,0.587928056716919,1
2025-09-02 00:00:00+00:00,4.5,1.4500000476837158,3.355792207121742,0.999,6.388633795559336,1e-06,-0.5184196966384076,3.874211541697404,2.527668979888612,-0.2050979383626621,0,0.5902981758117676,1
2025-09-03 00:00:00+00:00,4.5,1.4900000095367432,3.324227885354871,0.999,6.768253394530713,1e-06,-0.5499831758183774,3.874211535171867,2.60167851029915,-0.2113955177940638,0,0.5939200520515442,1
2025-09-04 00:00:00+00:00,4.5,1.4900000095367432,3.324227885354871,0.999,3.665566193924152,1e-06,-0.5499836345939664,3.87421153496499,1.914691847024043,-0.2872439423862341,0,0.5983583331108093,1
2025-09-05 00:00:00+00:00,4.349999904632568,1.4900000095367432,3.174227789987439,0.999,8.745360083580403,1e-06,-0.69998199979787,3.8742115112311497,2.957336599094617,-0.2366933814744551,0,0.6032635569572449,1
2025-09-08 00:00:00+00:00,4.75,1.4299999475479126,3.621574462074277,0.999,12.747056147926015,1e-06,-0.2526406013509097,3.874211559573569,3.5703692841299786,-0.0707603559312136,0,0.6082479357719421,1
2025-09-09 00:00:00+00:00,4.75,1.4199999570846558,3.629465542515994,0.999,0.5647783020841851,1e-06,-0.2447473883392959,3.874211578248854,0.7518377230700886,-0.3255322004060706,0,0.610191822052002,1
2025-09-10 00:00:00+00:00,4.75,1.399999976158142,3.6452477033994297,0.9569361409844486,0.211758890098332,1e-06,-0.2289667802626281,3.87421200963839,0.4606967581451676,-0.4970010667851926,0,0.6110625267028809,1
2025-09-11 00:00:00+00:00,4.75,1.4299999475479126,3.621574462074277,0.999,3.1627862446585544,1e-06,-0.252636781447961,3.8742119991286974,1.7785583819232662,-0.1420458186898363,0,0.6121354699134827,1
2025-09-12 00:00:00+00:00,4.989999771118164,1.440000057220459,3.853683058681624,-0.2916415407284973,0.0026471801122159,0.0228656525278423,0.0636340994196789,3.790407691765429,0.0709712376579012,0.8966181444715802,0,0.6129162311553955,1
2025-09-15 00:00:00+00:00,4.989999771118164,1.409999966621399,3.877356394075876,0.4448034007083783,0.0117504593573907,0.0140814469407328,0.0527760374122362,3.824361178279797,0.1389773454639295,0.379745614193889,0,0.6131376028060913,0
2025-09-16 00:00:00+00:00,4.989999771118164,1.399999976158142,3.885247474517594,0.3686452947058669,0.0097657746271636,0.0160617296335681,0.0309183361187862,3.8541862228710464,0.1354269084136924,0.2283027537211372,0,0.6119735836982727,0
2025-09-17 00:00:00+00:00,4.989999771118164,1.4700000286102295,3.830009817356472,0.3666840520862314,0.0097631163637952,0.0160624889157549,0.0019464187230827,3.828184072644429,0.1364601592136922,0.0142636410092029,0,0.6099874377250671,0
2025-09-18 00:00:00+00:00,4.989999771118164,1.4800000190734863,3.822118736914753,0.3721925310902218,0.0098690856825478,0.0159650317258236,-0.0010733944274057,3.823215153791356,0.13746837267298,-0.0078083009679558,0,0.6081262826919556,0
2025-09-19 00:00:00+00:00,4.989999771118164,1.5,3.806336576031317,0.3710969218044201,0.009831005654604,0.0160003269469068,-0.0047087743635208,3.811101085983609,0.1374138818619932,-0.0342670936859927,0,0.6074050068855286,0
2025-09-22 00:00:00+00:00,4.989999771118164,1.4900000095367432,3.814227656473035,0.3688444148728175,0.0097949470502035,0.0160318964169721,-0.0004720644976118,3.814683290230542,0.1371844896213159,-0.0034410923488139,0,0.6062322854995728,0
2025-09-23 00:00:00+00:00,4.989999771118164,1.4500000476837158,3.845791978239906,0.3741468406450987,0.0095617772551308,0.016122487545719,0.0077636513445817,3.837921864507314,0.1359924545247964,0.0570888390220662,0,0.6047572493553162,0
2025-09-24 00:00:00+00:00,4.989999771118164,1.4600000381469729,3.837900897798188,0.4481363609623227,0.0105256684408392,0.0151652263584138,0.0024593583796636,3.835453785010912,0.1428938821949931,0.0172110823912501,0,0.6023572087287903,0
2025-09-25 00:00:00+00:00,5.0,1.4600000381469729,3.847901126680024,0.3163961854949872,0.0081490603022689,0.017315258353474,0.0031000422555778,3.8447625050406615,0.1268499992389397,0.0244386462292247,0,0.6023012399673462,0
2025-09-26 00:00:00+00:00,5.0,1.4299999475479126,3.871574462074277,0.367464569224175,0.0091489637622215,0.0163237625480442,0.0076500915449354,3.8638353054636494,0.1323492877501406,0.0578022872278534,0,0.6021574139595032,0
2025-09-29 00:00:00+00:00,5.0,1.4800000190734863,3.832118965796589,0.3660712511854018,0.0091366770171011,0.0163359269819425,-0.0057734302237478,3.838011408609475,0.132684363098778,-0.0435125141268516,0,0.6009129881858826,0
2025-09-30 00:00:00+00:00,4.900000095367432,1.4800000190734863,3.732119061164021,0.3788984854143452,0.0093996870218166,0.0161201316542964,-0.0287487847636626,3.761225998620517,0.1345945144861116,-0.2135955159348574,0,0.601738452911377,0
2025-10-01 00:00:00+00:00,4.900000095367432,1.4600000381469729,3.747901222047456,0.3738871826217821,0.0092971459752419,0.0162252964550714,-0.011391878410865,3.759301950522212,0.134159294699427,-0.0849130761784908,0,0.6017889380455017,1
2025-10-02 00:00:00+00:00,4.400000095367432,1.399999976158142,3.2952477987668614,0.2503555979768517,0.0083130387617011,0.0177625468822615,-0.1019174303293654,3.3986468694237386,0.1254403851646119,-0.8124770200252658,0,0.6001311540603638,1
2025-10-03 00:00:00+00:00,4.400000095367432,1.3700000047683716,3.3189210400920146,0.3991059566063666,0.0105257658456863,0.0160214612084857,-0.0523031995363588,3.371357057836773,0.1400968903965221,-0.3733359062312008,0,0.597707211971283,1
2025-10-06 00:00:00+00:00,4.400000095367432,1.3600000143051147,3.326812120533732,0.3103072376658961,0.0085568064619541,0.0180065446818415,-0.0222650378205765,3.349168345925845,0.1287610160780493,-0.1729175374562164,0,0.5948304533958435,1
2025-10-07 00:00:00+00:00,4.460000038146973,1.2999999523162842,3.4341586400326785,0.2991772880675262,0.0084251292147065,0.0182205251379266,0.0134518809802521,3.4204087613915144,0.1268352011159363,0.106057946547159,0,0.5924633741378784,1
2025-10-08 00:00:00+00:00,4.460000038146973,1.3899999856948853,3.36313882198812,0.2992340765576344,0.0084252858260724,0.018212728625855,-0.0096599426079886,3.3729992752236124,0.1265416966364529,-0.0763380203107372,0,0.5891174077987671,1
2025-10-09 00:00:00+00:00,4.460000038146973,1.2899999618530271,3.4420497204743965,0.2654560395846269,0.0079601416207545,0.0186717250139645,0.0124727995174397,3.429345102693491,0.1228533704679261,0.101525904172862,0,0.586197018623352,1
2025-10-10 00:00:00+00:00,4.409999847412109,1.2899999618530271,3.392049529739533,0.2481148305090292,0.0071208477188056,0.0191291746669969,-0.0045924680958592,3.3967746400833088,0.1165238394925338,-0.0394122620389069,0,0.5829893946647644,1
2025-10-13 00:00:00+00:00,4.409999847412109,1.2999999523162842,3.384158449297815,0.1289034267160416,0.0061640267547615,0.0196009432966194,-0.0027141633880942,3.386911612957051,0.1071212875309181,-0.0253372924341563,0,0.5814170241355896,1
2025-10-14 00:00:00+00:00,4.409999847412109,1.2799999713897705,3.3999406101812504,0.2560367772542782,0.0080635088627715,0.0176563600618594,0.0026637965250832,3.3972292153415378,0.1214422969045865,0.0219346685049614,0,0.5802026987075806,1
2025-10-15 00:00:00+00:00,4.409999847412109,1.2599999904632568,3.415722771064686,0.2583545420745909,0.0081466566763816,0.017522360333654,0.004834732054184,3.4108277007445484,0.1230410863563802,0.0392936392009786,0,0.5791729092597961,1
2025-10-16 00:00:00+00:00,4.409999847412109,1.2899999618530271,3.392049529739533,0.2651009274717586,0.0082171091508361,0.0171983258174545,-0.0034064271049247,3.395524286848234,0.1237827870734303,-0.0275193925218699,0,0.5784817337989807,1
2025-10-17 00:00:00+00:00,4.409999847412109,1.2899999618530271,3.392049529739533,0.999,3.6971614846413416,1e-06,-0.0034747535315352,3.395524285211274,1.924687107754147,-0.0018053602154532,0,0.57831209897995,1
2025-10-20 00:00:00+00:00,4.409999847412109,1.2999999523162842,3.384158449297815,-0.6668950344666517,0.0010739053655248,0.0186940476368024,-0.0008029119422584,3.384995737563283,0.0575018590954579,-0.0139632344916973,0,0.5783206224441528,1
2025-10-21 00:00:00+00:00,4.409999847412109,1.2899999618530271,3.392049529739533,-0.0781581324951289,0.0046576335849721,0.0149013806196818,0.0015810148512326,3.3904371716509805,0.09097761175343,0.0173780650069995,0,0.5781873464584351,1
2025-10-22 00:00:00+00:00,4.409999847412109,1.2400000095367432,3.4315049319481217,0.0605593606270446,0.0059017205414136,0.0136704649455573,0.0102777042525291,3.4210485067612173,0.1019849058797835,0.1007767194945899,0,0.5781090259552002,1
2025-10-23 00:00:00+00:00,4.409999847412109,1.2400000095367432,3.4315049319481217,0.0452344946699533,0.0057334350813248,0.0138035269095425,0.0027917015204757,3.428671232388796,0.1009251225698456,0.0276611159777757,0,0.5779985785484314,1
2025-10-24 00:00:00+00:00,4.800000190734863,1.25,3.8136141948291575,0.0949154938221871,0.0067068578635325,0.0133772123635903,0.1021407360491114,3.709863175558984,0.1085280447328152,0.9411460079334458,0,0.5779386758804321,1
2025-10-27 00:00:00+00:00,4.800000190734863,1.1699999570846558,3.8767429324319984,0.5050916754756443,0.0113199747411465,0.0095657939361132,0.1036258286562137,3.772600141792156,0.1392504831699481,0.7441685392914843,0,0.5779764652252197,0
2025-10-28 00:00:00+00:00,4.800000190734863,1.159999966621399,3.884634012873717,0.0254150598062373,0.0043888959610886,0.0160468380890101,0.0188815514738149,3.8653646962747454,0.0903365612050733,0.2090133963695151,0,0.5782196521759033,-1
2025-10-29 00:00:00+00:00,5.0,1.149999976158142,4.09252490258057,0.0316900042394095,0.0045893956984088,0.0160009886624517,0.0423167983165891,4.0492756664468645,0.0914260722322553,0.4628526336457852,0,0.5781255960464478,-1
2025-10-30 00:00:00+00:00,5.0,1.1699999570846558,4.076742741697135,0.0506905324803866,0.0046696973004756,0.0159870864331193,0.0068389008223773,4.069799283471703,0.0922871953646555,0.0741045471731453,0,0.5781031250953674,-1
2025-10-31 00:00:00+00:00,5.0,1.1799999475479126,4.068851661255417,0.0182401662963267,0.004236588385972,0.0163890403599163,-5.771456526043671e-05,4.068913753359926,0.0881208712548949,-0.0006549477375625,0,0.5780734419822693,-1
2025-11-03 00:00:00+00:00,5.0,1.1399999856948853,4.100415983022288,-0.0483296542523938,0.0038553553114996,0.0165490946123667,0.0051997607038443,4.095087371235196,0.0839851863257731,0.0619128316709905,0,0.5780424475669861,-1
2025-11-04 00:00:00+00:00,5.0,1.159999966621399,4.084633822138853,0.0001501488230648,0.0043140991749136,0.0159150118155577,-0.0019106422584048,4.086588775725578,0.0885410363578699,-0.0215791720652815,0,0.5780127048492432,-1
2025-11-05 00:00:00+00:00,4.809999942779541,1.149999976158142,3.902524845360112,0.0310813255243761,0.004750093023316,0.0155851621389279,-0.0359535886340754,3.9392512677091767,0.0927231341668479,-0.387752085357466,0,0.5782216787338257,-1
2025-11-06 00:00:00+00:00,4.989999771118164,1.149999976158142,4.082524673698734,-0.0537649031296424,0.0040664413720115,0.0159711548377797,0.0266757238859578,4.055271305131982,0.0859893483239487,0.3102212588640873,0,0.5782657265663147,-1
2025-11-07 00:00:00+00:00,4.989999771118164,1.149999976158142,4.082524673698734,-0.0349110676698696,0.0043200250974373,0.0156135516354298,0.00435714834913,4.078048407102964,0.0883802766293505,0.0493000080482107,0,0.5781629085540771,-1
2025-11-10 00:00:00+00:00,4.989999771118164,1.1399999856948853,4.090415754140452,-0.0213477264079263,0.0044389141847122,0.0154946625481549,0.0022769168116231,4.088086342844334,0.0895586236226474,0.0254237584223811,0,0.5781483054161072,-1
2025-11-11 00:00:00+00:00,4.789999961853027,1.149999976158142,3.882524864433598,-0.0266178870068419,0.0044488739316176,0.0154699383407502,-0.0392256208668708,3.922611965561657,0.0896317324667468,-0.4376309571102341,0,0.5783896446228027,-1
2025-11-12 00:00:00+00:00,5.0,1.149999976158142,4.09252490258057,-0.0861132832944218,0.0044004528183634,0.015371952525731,0.0360106844566174,4.055824905063978,0.0888810048790227,0.4051561355053551,0,0.5786951184272766,-1
2025-11-13 00:00:00+00:00,5.0,1.149999976158142,4.09252490258057,-0.0494782496749372,0.0043857428712048,0.015397115966257,0.0056030909291953,4.086760093410615,0.0889028787727446,0.0630248537116339,0,0.5785292387008667,-1
2025-11-14 00:00:00+00:00,4.710000038146973,1.149999976158142,3.802524940727544,-0.0025794771846006,0.0052344106987266,0.014784334396678,-0.0628538803695176,3.866577255670688,0.0964860022432899,-0.6514300407123436,0,0.5784894824028015,-1
2025-11-17 00:00:00+00:00,4.710000038146973,1.1399999856948853,3.810416021169261,0.0684425114173116,0.0057049511075278,0.014601225377961,-0.016070542250659,3.826702635390273,0.1009602011801648,-0.1591770030448035,0,0.5788154006004333,0
2025-11-18 00:00:00+00:00,4.710000038146973,1.1399999856948853,3.810416021169261,0.0141132721949269,0.0051164634395127,0.0151897130459761,-0.0034967953894425,3.813977513221457,0.0959410830025052,-0.0364473203763107,0,0.5790826678276062,1
2025-11-19 00:00:00+00:00,4.699999809265137,1.1200000047683716,3.81619795317086,0.0140357972948873,0.0051158138095204,0.01519107791909,0.0004207398721392,3.815767927440325,0.0958386452218028,0.0043900857651472,0,0.5789468884468079,1
2025-11-21 00:00:00+00:00,4.699999809265137,1.149999976158142,3.792524711845708,0.0138991996938984,0.0051105526285281,0.0151932662004766,-0.0048069314767795,3.797426850349972,0.0957885373187417,-0.0501827422292105,0,0.5787805914878845,1
2025-11-24 00:00:00+00:00,4.710000038146973,1.1399999856948853,3.810416021169261,0.0122898935076366,0.0051020441797987,0.0151984944320874,0.0026403165886532,3.8077222825135455,0.0957045338998117,0.0275882080092175,0,0.5788081884384155,1
2025-11-25 00:00:00+00:00,4.710000038146973,1.149999976158142,3.802524940727544,0.0140776953365265,0.0051181113264374,0.0151843212960875,-0.0010485686066005,3.803594957755426,0.0958491119522491,-0.0109397842634461,0,0.5787137746810913,1
2025-11-26 00:00:00+00:00,4.710000038146973,1.1699999570846558,3.786742779844108,0.0141950286283565,0.0051192588965848,0.0151838261631934,-0.0035060641371098,3.7903178039956087,0.0958624771529428,-0.0365738946169323,0,0.5783111453056335,1
2025-11-27 00:00:00+00:00,4.710000038146973,1.149999976158142,3.802524940727544,0.0142230307776541,0.0051210793672257,0.0151820262676984,0.0024923238329332,3.799982418679001,0.0958780938996902,0.0259947161187907,0,0.5783507227897644,1
2025-11-28 00:00:00+00:00,4.710000038146973,1.1299999952316284,3.818307101610978,0.015250121372783,0.0051298964820169,0.0151776568242596,0.0038347711207834,3.8143974298850094,0.0959597663097718,0.0399622807375782,0,0.5780046582221985,1
2025-12-01 00:00:00+00:00,4.710000038146973,1.1399999856948853,3.810416021169261,0.0128793758582681,0.0046660895183429,0.0152699898882484,-0.0007234049872705,3.8111561732226487,0.0919138244953995,-0.0078704698802601,0,0.5777673721313477,1
2025-12-02 00:00:00+00:00,4.710000038146973,1.1399999856948853,3.810416021169261,-0.0505023703833521,0.0043513530844025,0.0152992078943722,-0.000110847307131,3.810530106882717,0.0885932565308938,-0.001251193504693,0,0.5775170922279358,1
2025-12-03 00:00:00+00:00,4.710000038146973,1.190000057220459,3.770960524891573,-0.2857062983707522,0.0023743721045141,0.0163797051749959,-0.005829489111179,3.776950432385476,0.0670333651082995,-0.0869639932556111,0,0.5774984359741211,1
2025-12-04 00:00:00+00:00,4.710000038146973,1.1699999570846558,3.786742779844108,-0.4151790191906835,0.0022523128165668,0.0151122761737609,0.0036027403219026,3.783106170320631,0.0656499482186765,0.0548780375256678,0,0.577347993850708,1
2025-12-05 00:00:00+00:00,4.710000038146973,1.159999966621399,3.794633860285826,-0.2244004873041735,0.0034513249653206,0.0138795241516084,0.0015975639535408,3.7929763416361553,0.0788895466728897,0.0202506418266668,0,0.5774160623550415,1
2025-12-08 00:00:00+00:00,4.710000038146973,1.0700000524520874,3.865653584261285,-0.2175310643984072,0.0035146762859683,0.0138375960854481,0.0139935676487067,3.851322154946267,0.0795420588001702,0.1759266463527437,0,0.577363133430481,1
2025-12-09 00:00:00+00:00,4.710000038146973,1.0700000524520874,3.865653584261285,-0.2151109981044719,0.00351869242219,0.0138548807307067,0.0003893618577638,3.865184224897968,0.079589338549248,0.0048921358672038,0,0.5772702097892761,1
2025-12-10 00:00:00+00:00,4.650000095367432,1.059999942779541,3.813544815992561,-0.2152282160780607,0.0035144250474479,0.013856859054004,-0.0101818294394296,3.823964432144178,0.0795456053191256,-0.1279998989080741,0,0.577224612236023,1
2025-12-11 00:00:00+00:00,4.650000095367432,1.0399999618530271,3.829326976875997,-0.2154351620674916,0.0035124564145791,0.0138578335701987,0.0028140615808056,3.826498296643964,0.0795253280800746,0.035385727399605,0,0.5772210955619812,1
2025-12-12 00:00:00+00:00,4.650000095367432,1.0399999618530271,3.829326976875997,-0.2754015535789341,0.0028760919049547,0.0139858875984843,-0.0001308477615546,3.829441129675406,0.0726345569285944,-0.0018014532901087,0,0.5771061778068542,1
2025-12-15 00:00:00+00:00,4.599999904632568,1.0199999809265137,3.795108947024569,-0.328008872957713,0.0028202820615184,0.0135356453815906,-0.0063542671604649,3.801628956447409,0.0719753740590149,-0.0882839060378463,0,0.5770933032035828,1
2025-12-16 00:00:00+00:00,4.550000190734863,1.0199999809265137,3.745109233126864,-0.2547727992580864,0.0032962763664281,0.0130873110783145,-0.0099960893395087,3.75539239290538,0.0770547095058286,-0.1297271692232207,0,0.5771419405937195,1
2025-12-17 00:00:00+00:00,4.550000190734863,1.100000023841858,3.681980495524024,-0.2568819526580661,0.0032707156937702,0.0131615427953845,-0.0125093327614401,3.694855926585906,0.0768016211911767,-0.1628784987533215,0,0.5772020816802979,1
2025-12-18 00:00:00+00:00,4.550000190734863,1.0700000524520874,3.705653736849176,-0.2516904752827431,0.0032111408667748,0.0131092426977305,0.0046473393644137,3.700969241787978,0.0761465608496726,0.0610315070379664,0,0.577200174331665,1
2025-12-19 00:00:00+00:00,4.550000190734863,1.1399999856948853,3.650416173757152,-0.281114087410569,0.0031057022745393,0.0130743521249542,-0.0109566771887847,3.6616121964293313,0.0750051209429229,-0.1460790550170902,0,0.5771969556808472,1
2025-12-22 00:00:00+00:00,4.550000190734863,1.100000023841858,3.681980495524024,-0.2678418499239042,0.0031956237978393,0.0129784598980952,0.0063967405773763,3.675498189885201,0.0759508167622824,0.084222143356239,0,0.5771969556808472,1
2025-12-23 00:00:00+00:00,4.989999771118164,1.100000023841858,4.121980075907324,-0.1854277052176561,0.0042703006054774,0.0128496438472069,0.1023765461874126,4.017460338178535,0.0866671857527515,1.181260765515999,0,0.5771969556808472,1
2025-12-26 00:00:00+00:00,4.989999771118164,1.059999942779541,4.153544491743293,-0.0525244550846933,0.0046200858434617,0.013334783616956,0.0259067310048081,4.126985744204039,0.0904877507892385,0.2863009719972965,0,0.5771969556808472,0
2025-12-29 00:00:00+00:00,4.989999771118164,1.0399999618530271,4.1693266526267285,-0.2371652881294695,0.0030818207078119,0.0148718086861663,0.0023418433653629,4.166779010552305,0.0751174280089626,0.0311757660962987,0,0.5771969556808472,0
2025-12-30 00:00:00+00:00,4.989999771118164,1.0399999618530271,4.1693266526267285,-0.2822999337654474,0.0028589858196577,0.0149650155811193,-0.0001143373268048,4.169426529251096,0.0726482455369122,-0.0015738484248287,0,0.5771969556808472,0
