Setor,Ativo Y,Ativo X,T-Score,P-Value,Hedge Ratio,Observacoes
industria,PLAS3,INEP4,-6.451052409218919,1.5231813818349785e-08,0.7891087967245645,702
industria,PLAS3,INEP3,-6.261923816472,4.202933937342428e-08,0.7020978462812908,749
financeiro,RPAD5,BMIN4,-6.2454816738240195,4.587059449232841e-08,0.22078807537246972,749
industria,INEP4,PLAS3,-6.149606420263228,7.618646905066545e-08,0.9733693582117509,702
financeiro,BBSE3,BSLI4,-6.069316535318199,1.161117437333448e-07,-1.0044099383580847,742
financeiro,RPAD5,BMEB3,-5.7272717579338694,6.725957809220229e-07,0.04109669799426141,749
financeiro,BMIN3,BPAC11,-5.677477013326665,8.638057952699225e-07,0.07765694251671948,749
financeiro,RPAD5,BMEB4,-5.640449848092238,1.0394430894279967e-06,0.03275636590442461,749
financeiro,RPAD5,INBR32,-5.62018271486069,1.1498673847862762e-06,0.05409834322349326,585
financeiro,BMIN3,BRSR5,-5.5703324314247125,1.4724240055186309e-06,0.4969629273128799,749
financeiro,RPAD5,ITUB3,-5.535156719075342,1.7514798337991926e-06,0.10148893192063903,749
financeiro,RPAD5,ITUB4,-5.510772414394591,1.9744985084935665e-06,0.08738048816605822,749
industria,POMO3,POMO4,-5.501808015449373,2.0632488016741704e-06,0.7347002365312942,749
financeiro,BMIN3,BRSR6,-5.495168695639147,2.1314716303814317e-06,0.24255509113921306,749
industria,POMO4,POMO3,-5.490976289906433,2.175676927875726e-06,1.35830030056078,749
financeiro,RPAD5,ITSA4,-5.476669128914398,2.333355713730054e-06,0.3157972511535087,749
financeiro,BMIN3,BRSR3,-5.467675624318066,2.4381078442407933e-06,0.36378590131606015,749
financeiro,RPAD5,ITSA3,-5.439938626445983,2.7908140113730576e-06,0.34392095792380645,749
financeiro,RPAD5,CXSE3,-5.432013716006025,2.9003908503740767e-06,0.10472699908103587,749
energia_eletrica,CGAS3,CGAS5,-5.420924687061859,3.060767658339896e-06,0.9141637009754472,749
financeiro,BMIN3,PINE4,-5.410959946777896,3.2122159318346415e-06,0.23388428671489825,749
mineracao_siderurgia,BRAP3,BRAP4,-5.374283716264969,3.834949894429007e-06,0.7741645000813542,749
financeiro,BMIN3,BPAC5,-5.340971286360961,4.50113630393656e-06,0.24140968876270477,749
mineracao_siderurgia,BRAP4,BRAP3,-5.340543643658555,4.510379404180037e-06,1.274202449839755,749
financeiro,BMIN3,BPAC3,-5.325832581009831,4.83981069146756e-06,0.1853807125408778,749
energia_eletrica,ENMT4,ENMT3,-5.317130011652668,5.045563505869762e-06,0.7813714124679478,749
financeiro,BMIN3,ABCB4,-5.308021919376797,5.269990395983303e-06,0.06468542252127396,749
financeiro,BMIN3,BNBR3,-5.291427149526619,5.704045300984763e-06,0.012649053624979464,749
financeiro,BMIN3,ITSA4,-5.282485891869313,5.952091432833553e-06,0.18084146302807333,749
financeiro,BMIN3,ITSA3,-5.271946271857771,6.2579285465865574e-06,0.18115149743308873,749
financeiro,BMIN3,BAZA3,-5.259745069583344,6.631031896044703e-06,0.0068132889422531685,749
financeiro,BMIN3,ITUB4,-5.230122024008367,7.628846205267816e-06,0.02626649949038468,749
financeiro,BMIN3,ITUB3,-5.22296205256244,7.891030519673416e-06,0.02880026607023366,749
financeiro,BMIN3,RPAD3,-5.214584143623216,8.208905253813267e-06,0.08993601905166904,749
financeiro,BMIN3,SANB3,-5.2119445214470295,8.311602711118668e-06,0.1490001409332273,749
financeiro,RPAD5,ABCB4,-5.209112837950084,8.423156010923246e-06,0.09634252578399866,749
energia_eletrica,CGAS5,CGAS3,-5.194497701702546,9.022366826080595e-06,0.6165962943207471,749
financeiro,BMIN3,PABY11,-5.193950571326356,9.045582112949615e-06,0.08258359286882934,749
financeiro,BMIN3,RPAD6,-5.191217316380436,9.162425773685834e-06,0.030029547003136828,749
financeiro,BMIN3,BMEB3,-5.176173092699069,9.832174751018228e-06,0.0027830056372053105,749
financeiro,BMIN3,PSSA3,-5.170817133681788,1.008186534518201e-05,0.0005443516671241174,749
financeiro,BMIN3,BMEB4,-5.1623112617568445,1.0491062869557306e-05,-0.003917250968102031,749
financeiro,RPAD5,BNBR3,-5.148985694738527,1.1164623239992014e-05,0.015605437283621354,749
financeiro,BMIN3,IRBR3,-5.128147304364734,1.2302551949705677e-05,0.03185109147066277,749
financeiro,BMIN3,BBAS3,-5.111549813115912,1.3288373696031124e-05,0.04550078678872919,749
energia_eletrica,ALUP11,ALUP3,-5.058136175307434,1.7006754545372062e-05,2.7328757298307957,749
financeiro,BMIN3,BBSE3,-5.029417337624942,1.940262396335945e-05,-0.11231748585013454,749
industria,PLAS3,ETER3,-5.025590751585017,1.9745465045479157e-05,0.3638614665937731,749
financeiro,BMIN3,RPAD5,-5.016029167066604,2.0627874284566965e-05,0.3340724253371573,749
industria,INEP3,PLAS3,-5.011710347127179,2.1038805195875867e-05,1.035177174547992,749
financeiro,BMIN3,WIZC3,-4.986970934040644,2.3549275178048558e-05,-0.12077203588554936,749
financeiro,BMIN3,B3SA3,-4.978171704516879,2.450996384945727e-05,0.1202427411555021,749
financeiro,BMIN3,CGRA3,-4.976931050397943,2.464841892457014e-05,-0.008412072806848619,749
financeiro,RPAD5,RPAD3,-4.974246163636481,2.4950633746620574e-05,0.28658739441389275,749
financeiro,BMIN3,SANB11,-4.97295023897414,2.5097779784633637e-05,0.060850472561259354,749
financeiro,RPAD5,BPAC3,-4.972349791235579,2.5166240939499518e-05,0.14543434147241163,749
industria,PLAS3,LUPA3,-4.972121648428282,2.5192300215269977e-05,0.8478458814033567,749
mineracao_siderurgia,BRAP3,VALE3,-4.968794671590845,2.557528672977237e-05,0.28814633909304416,749
industria,ETER3,PLAS3,-4.966012289879622,2.589988458864842e-05,1.6293782031512307,749
financeiro,BMIN3,SANB4,-4.963649809321316,2.6178609090545123e-05,0.10369028893927075,749
energia_eletrica,CGAS3,CEBR6,-4.9626096964757975,2.6302235465236295e-05,-1.3539122398495662,749
energia_eletrica,ALUP3,ALUP11,-4.95725239736805,2.694795935374623e-05,0.3570224183626343,749
energia_eletrica,CGAS5,CEBR5,-4.938103352419196,2.9383208030791784e-05,-1.4579293800319546,749
energia_eletrica,CGAS3,ALUP11,-4.92373304599205,3.134852869041988e-05,-2.2949447438714143,749
energia_eletrica,CGAS3,ALUP4,-4.916699054287758,3.23560615465516e-05,-7.0075202879246605,749
energia_eletrica,CGAS5,CEBR3,-4.910386395980697,3.32867504929377e-05,-1.2308791528206178,749
financeiro,BMIN3,CXSE3,-4.907744235251056,3.3683890962363114e-05,0.04406390194775443,749
energia_eletrica,CGAS3,ALUP3,-4.901469450073327,3.464540293044128e-05,-6.30527946913815,749
financeiro,BMIN3,CGRA4,-4.891630135749165,3.620649765617608e-05,0.033850943820886346,749
industria,ETER3,INEP4,-4.864242064137269,4.091632562358555e-05,1.6532562593281823,702
energia_eletrica,CGAS3,CEBR5,-4.857694600359746,4.212658320205064e-05,-1.500626437723224,749
energia_eletrica,CGAS3,CEBR3,-4.8028921412236265,5.369732149609176e-05,-1.2875976600220764,749
energia_eletrica,CMIG4,COCE3,-4.786006560289868,5.783919361652329e-05,-0.097021570412078,749
financeiro,BMIN3,BSLI4,-4.778849992082475,5.96856109612326e-05,0.05828497093122022,742
energia_eletrica,CGAS5,CEBR6,-4.7782845205122895,5.9833890120287267e-05,-1.18369598481248,749
financeiro,BMIN3,BSLI3,-4.757480652460841,6.554147143150016e-05,0.04040968608552953,749
energia_eletrica,CGAS3,EQPA6,-4.745260295862046,6.913373030563147e-05,4.060781657566811,749
financeiro,RPAD5,PINE4,-4.737492462065113,7.151441489902401e-05,0.1912640661120519,749
energia_eletrica,CGAS3,CPLE3,-4.734873731962225,7.233455954179372e-05,-4.130979224506858,749
energia_eletrica,CGAS3,CBEE3,-4.720160764923679,7.711257986631622e-05,1.4784006120535826,749
energia_eletrica,CPFE3,ENGI3,-4.716585361364961,7.831853851566127e-05,1.0743338156530706,749
energia_eletrica,CGAS3,RNEW3,-4.700881554587857,8.383247769078141e-05,4.771342318722891,749
financeiro,RPAD5,BPAC11,-4.684523077815624,8.99705402959518e-05,0.0465015860572068,749
energia_eletrica,CGAS3,RNEW4,-4.676370913767884,9.31876947653406e-05,4.877849072467468,749
energia_eletrica,ENMT3,ENMT4,-4.645172863755675,0.0001065455599362296,0.9016853774846016,749
industria,RAPT3,RAPT4,-4.644288363038697,0.00010694973818287202,0.6939250515904201,749
energia_eletrica,CMIG4,AURE3,-4.640984320053898,0.0001084725376825815,-0.5240500966619264,691
mineracao_siderurgia,BRAP4,VALE3,-4.629713533541616,0.0001138245031415122,0.37392002936488694,749
financeiro,RPAD5,BBAS3,-4.593669562115624,0.00013268484621545783,0.05035220292649924,749
financeiro,RPAD5,BAZA3,-4.584337468513197,0.00013803370098447595,0.009498673012054933,749
energia_eletrica,TAEE11,TAEE4,-4.566609012982293,0.00014876659796373627,3.0336931594628487,749
energia_eletrica,TAEE4,TAEE11,-4.563215818265158,0.00015090958814563757,0.32851778783080243,749
financeiro,RPAD5,PSSA3,-4.555153007918859,0.00015612034012494724,0.032095837864842866,749
financeiro,RPAD5,BPAC5,-4.537227525982004,0.00016832606809666584,0.11719389347572098,749
energia_eletrica,ENMT4,EMAE4,-4.5334892417861035,0.0001709835867595466,-0.4086329018199235,749
energia_eletrica,CGAS5,REDE3,-4.516297828769972,0.00018372755955127756,-5.6215678753474965,749
energia_eletrica,ALUP4,ALUP3,-4.510762366444005,0.00018801989972883255,0.8656945196362557,749
financeiro,RPAD5,B3SA3,-4.48377191516534,0.0002103516219947184,-0.08852611850184107,749
energia_eletrica,TAEE3,TAEE4,-4.467798786852678,0.00022473223576707234,1.03587398015562,749
energia_eletrica,CGAS3,REDE3,-4.466448095324925,0.00022599018453506325,-4.7430461128835395,749
energia_eletrica,TAEE4,TAEE3,-4.465238845665917,0.00022712207648822356,0.9597263968940792,749
financeiro,RPAD5,IRBR3,-4.462856340449135,0.00022936794719061862,0.008908048145332043,749
financeiro,RPAD5,RPAD6,-4.41489314598463,0.00027932699695961565,0.0935453914227503,749
financeiro,RPAD5,BRSR5,-4.41405971116289,0.0002802801933816143,-0.07101636809629606,749
industria,LUPA3,PLAS3,-4.400613250315668,0.00029609171951995307,0.7138206887430605,749
energia_eletrica,CPFE3,ENGI4,-4.3983761545038345,0.00029880297943767786,3.039264029752874,749
energia_eletrica,CGAS3,EQTL3,-4.3977949244535175,0.00029951124566815024,-1.074438795324071,749
energia_eletrica,CPFE3,ENGI11,-4.394548037264399,0.00030349714828817917,0.5107634874949717,749
financeiro,RPAD5,BSLI3,-4.391170921301475,0.00030769622480030775,-0.01732495578379051,749
financeiro,RPAD5,BMIN3,-4.374729954031814,0.0003289370651304976,0.04796352818427374,749
energia_eletrica,CGAS3,EQPA3,-4.3726834825158845,0.0003316761494339376,-4.738245838867343,749
oleo_gas,PETR3,VBBR3,-4.370871011429275,0.0003341200588173604,1.223548835070409,749
industria,ETER3,INEP3,-4.363537815902713,0.0003441831632925456,1.404501131404571,749
energia_eletrica,CGAS3,TAEE3,-4.348969471296165,0.0003650319752876969,3.8532351962981664,749
financeiro,RPAD5,BRSR3,-4.336692985025346,0.0003835229749052191,0.08540006416255369,749
financeiro,RPAD5,CGRA3,-4.331413032499891,0.00039174509329905163,-0.01574790538577125,749
financeiro,RPAD5,SANB3,-4.324185345727568,0.0004032707932432782,0.09648116505243838,749
industria,INEP4,ETER3,-4.321050010820042,0.00040836961572973863,0.4653387649616664,702
energia_eletrica,AURE3,CMIG4,-4.318915327284652,0.0004118759293450947,-1.1575458791420863,691
financeiro,RPAD5,BRSR6,-4.31695652403004,0.0004151183636664814,0.03807918954211863,749
energia_eletrica,CGAS3,TAEE11,-4.3152399914644315,0.00041797957809705494,1.245237124639847,749
energia_eletrica,CGAS3,TAEE4,-4.31459727099387,0.00041905568781243314,3.707314542349094,749
energia_eletrica,CPFE3,ENMT4,-4.309598631049878,0.00042751471981899113,-0.09401860732732087,749
financeiro,RPAD5,CGRA4,-4.308309119220142,0.00042972294664349575,-0.007204947771266062,749
financeiro,SANB11,BSLI4,-4.302605012050006,0.00043962082132064094,0.4321427411768812,742
financeiro,RPAD5,WIZC3,-4.302100303265936,0.00044050689271577355,0.00908203238415761,749
financeiro,RPAD5,SANB11,-4.301664156189758,0.0004412739546679371,0.03713256686787754,749
financeiro,RPAD5,BBSE3,-4.300638649617107,0.0004430825091764471,-0.0044020776501946125,749
energia_eletrica,ALUP3,ALUP4,-4.295760774875808,0.00045178122633774033,1.098631765421818,749
industria,PLAS3,PTBL3,-4.29104432024678,0.0004603451974950398,0.5515537607160066,749
financeiro,RPAD5,SANB4,-4.2826432706663615,0.0004759803139708086,0.05160772428689887,749
financeiro,SANB3,BSLI4,-4.282610271740847,0.0004760427044606878,0.21340114048868108,742
financeiro,BBSE3,BSLI3,-4.265347679550346,0.0005097601184379138,-0.6469901969598144,749
financeiro,SANB4,BSLI4,-4.252287015005394,0.0005367533640279774,0.22386238514268172,742
mineracao_siderurgia,VALE3,BRAP4,-4.251226303487848,0.0005390037482511087,2.5734563406514384,749
energia_eletrica,EMAE4,ENMT4,-4.250233338690292,0.0005411184573171228,-0.8232947231103352,749
oleo_gas,DEXP4,UGPA3,-4.236642408086069,0.0005708601110496993,0.27500005629244384,749
energia_eletrica,CGAS3,ENGI4,-4.2310275748295405,0.0005835911762023184,-4.851061788357721,749
energia_eletrica,CGAS3,EGIE3,-4.22735850541836,0.0005920543324836586,-1.8082653680206933,749
financeiro,BBAS3,BAZA3,-4.224482735712505,0.0005987682747533203,0.19216963979316287,749
financeiro,WIZC3,BSLI4,-4.21081469256099,0.0006316697887460969,0.19928572328843744,742
energia_eletrica,CGAS3,CMIG4,-4.201049422174669,0.0006562102677014957,-2.6872899820247484,749
industria,PLAS3,POMO4,-4.200035059208699,0.0006588101731372696,-0.542319341543991,749
energia_eletrica,CGAS3,EQPA7,-4.198763424375136,0.0006620831732547291,-3.8501304031735755,749
oleo_gas,PETR4,VBBR3,-4.1942732183956375,0.0006737630167758317,1.3420808358942398,749
financeiro,BMIN4,RPAD5,-4.189985649074037,0.0006850963163597457,1.1688351192257045,749
energia_eletrica,CGAS3,COCE3,-4.1853401867795235,0.0006975777471168044,0.3484292748968168,749
mineracao_siderurgia,VALE3,BRAP3,-4.18339063384542,0.0007028791992926775,3.2640467095652763,749
industria,PLAS3,POMO3,-4.1772011378174465,0.0007199623733080585,-0.7314111144482682,749
financeiro,BMIN3,INBR32,-4.176276747016738,0.0007225469444692608,0.04015399606151137,585
energia_eletrica,CGAS3,COCE5,-4.175825413054073,0.0007238120258510458,0.4150194806728501,749
energia_eletrica,CGAS3,EMAE4,-4.171059102439368,0.000737299517357533,-0.12795377102049563,749
financeiro,CGRA4,BSLI4,-4.170551281841126,0.000738750356238244,0.8385676627914188,742
financeiro,BMIN4,INBR32,-4.162635314404371,0.000761715676339701,0.12229683189191548,585
energia_eletrica,CPFE3,EMAE4,-4.157965040295068,0.0007755773937320952,0.027163449200644955,749
industria,PLAS3,VLID3,-4.138657964659505,0.0008354333851566397,-0.21093562198483803,749
energia_eletrica,CGAS3,ENMT4,-4.135927031258325,0.0008442414924264484,0.23667573671161474,749
energia_eletrica,CGAS3,ENGI3,-4.134898223665552,0.0008475822381732186,-1.8182188652649545,749
energia_eletrica,REDE3,CEBR3,-4.13486981596841,0.000847674659298742,0.12592099188355266,749
energia_eletrica,COCE3,CMIG4,-4.1253328265108795,0.0008792418210844496,-8.046016647067354,749
energia_eletrica,CGAS5,CMIG3,-4.108537162743109,0.000937528830630112,1.5264821748099393,749
energia_eletrica,CGAS3,ENGI11,-4.101001768755981,0.0009648383488749644,-0.7253712566654724,749
energia_eletrica,CGAS3,EQPA5,-4.077105653420749,0.0010564468870608486,-3.566951200939225,749
oleo_gas,UGPA3,DEXP4,-4.07469262294854,0.0010661363858808185,3.153252725080512,749
energia_eletrica,CPFE3,REDE3,-4.068053016636857,0.00109322817886007,0.6903996247981207,749
energia_eletrica,CPFE3,ENMT3,-4.064171032087843,0.001109364633213884,-0.08128730830274866,749
oleo_gas,DEXP3,UGPA3,-4.062843537280457,0.0011149335773228564,0.23245400337436048,749
energia_eletrica,CGAS3,CPFE3,-4.062453650763064,0.001116574137223973,-0.8305349215542268,749
energia_eletrica,ALUP4,ALUP11,-4.0613835557779305,0.0011210884677561213,0.3186448076027465,749
oleo_gas,OSXB3,BRAV3,-4.0603605994341505,0.0011254198743427802,0.10267793408962489,749
agro_alimentos,CAML3,TTEN3,-4.053350718117722,0.0011555243847688568,-0.33051102240684205,749
energia_eletrica,TAEE11,TAEE3,-4.047301851491701,0.0011821045040566467,2.918558693605129,749
financeiro,BMIN3,BMIN4,-4.045613378610199,0.0011896253207263631,0.5521899746379708,749
energia_eletrica,CPFE3,CEBR6,-4.043941922637391,0.0011971143159777721,0.1747066072194984,749
energia_eletrica,CGAS3,LIGT3,-4.038233743382506,0.0012230230027504858,1.5630552219318101,749
energia_eletrica,TAEE3,TAEE11,-4.037988963276563,0.0012241456433980747,0.34112626033594623,749
energia_eletrica,CPFE3,CGAS3,-4.036260316545356,0.001232101191874639,-0.05105979475336165,749
energia_eletrica,ENMT4,ENGI11,-4.026412567393996,0.0012783501580829668,-1.2133799579042355,749
industria,RAIL3,SHUL4,-4.006008128635869,0.0013793756283118734,1.8435296075533396,749
energia_eletrica,CGAS5,EQPA6,-4.005223723320411,0.0013834039573700709,2.942498906651445,749
financeiro,BAZA3,BBAS3,-4.001231590995105,0.0014040759937255373,4.694942858721408,749
financeiro,BSLI4,BBSE3,-3.994254255303889,0.001440898301923116,-0.7061993001490233,742
agro_alimentos,SLCE3,LAND3,-3.987032416040198,0.0014799563820853839,0.1871457672700638,749
energia_eletrica,CPFE3,CEBR5,-3.9759025594489894,0.0015420840329930772,0.13077868160523354,749
energia_eletrica,CGAS3,ENMT3,-3.957079404030521,0.001652705287661575,-0.006260754423863143,749
energia_eletrica,CGAS3,CMIG3,-3.955816578079427,0.0016603845897408495,-0.011782617449050873,749
energia_eletrica,CPFE3,CEBR3,-3.9506848644340185,0.0016919331127017566,0.12165672131777895,749
energia_eletrica,CEBR5,CEBR3,-3.949611474336241,0.001698602074783625,0.7779315375111152,749
financeiro,CGRA4,BBSE3,-3.9205677079209202,0.0018885875854888227,-0.6784226438746475,749
mineracao_siderurgia,USIM3,CSNA3,-3.9174567827923297,0.001910065575040489,0.4795913327506473,749
energia_eletrica,ALUP11,ALUP4,-3.9128241575477554,0.0019424694561989886,3.095413882209568,749
financeiro,BSLI4,BSLI3,-3.912472960815557,0.0019449466374643072,0.5719709453939292,742
energia_eletrica,CGAS5,RNEW4,-3.9076266995542532,0.001979430256847877,3.4279882288524126,749
energia_eletrica,CPFE3,CGAS5,-3.901987568173843,0.0020202682934363806,-0.03293777218180877,749
energia_eletrica,CEBR3,CEBR5,-3.899574537814583,0.0020379805058619643,1.153048492547949,749
energia_eletrica,CPFE3,TAEE3,-3.887854555868712,0.0021260715122885083,0.21012491211937756,749
energia_eletrica,CPFE3,TAEE4,-3.887656980660309,0.0021275863085999797,0.2750621822146333,749
financeiro,BBAS3,BNBR3,-3.8874764537866815,0.0021289712696549844,0.23964588874686377,749
agro_alimentos,SLCE3,BEEF3,-3.8862778891845724,0.002138187563714768,0.4013789686450254,749
energia_eletrica,CPFE3,TAEE11,-3.8860163354916293,0.0021402036673322353,0.08439232198892113,749
energia_eletrica,CPFE3,EQPA3,-3.8851612629180146,0.0021468070055041012,1.418422455764355,749
financeiro,CGRA4,BSLI3,-3.8822022837130072,0.0021698036370096678,0.5296670916223044,749
energia_eletrica,EQPA5,TAEE4,-3.864120752289379,0.002315353219220966,-0.5840892721482437,749
oleo_gas,PETR3,LUXM4,-3.8569088423233078,0.002375883777695097,-2.42995274942113,749
energia_eletrica,CGAS3,AURE3,-3.8465980039080927,0.0024649658545690557,1.989296376074038,691
financeiro,BSLI3,BSLI4,-3.846063128722795,0.002469670069686184,1.5069923291658953,742
energia_eletrica,CPFE3,EQPA5,-3.8394736118635717,0.0025283086871004845,0.21138270837646966,749
energia_eletrica,EQPA7,CBEE3,-3.83388597812466,0.002579035557407309,-0.14511293706405595,749
oleo_gas,DEXP3,DEXP4,-3.833107132689677,0.002586180326468112,0.8739459301163757,749
energia_eletrica,CPFE3,EQPA6,-3.8276860407783175,0.0026364189317493406,-0.2806263154404285,749
energia_eletrica,CMIG4,EQPA6,-3.82413155029639,0.002669846111412637,-0.7233796329489788,749
energia_eletrica,CEBR5,CEBR6,-3.824008573305562,0.002671009575563584,0.8122921173398577,749
energia_eletrica,CPFE3,LIGT3,-3.819390492174954,0.002715040264540392,-0.06420035093809473,749
energia_eletrica,CPFE3,RNEW3,-3.818050406487715,0.0027279418542046183,-0.6063540733474023,749
energia_eletrica,CPLE3,RNEW3,-3.8168022004009456,0.0027400096745308807,-0.8871005293813244,749
energia_eletrica,CPFE3,COCE3,-3.812345138284994,0.0027835036944298275,-0.020371297997478503,749
industria,KEPL3,SHUL4,-3.811108625055011,0.0027956823534653727,0.5491348062500042,749
energia_eletrica,CGAS5,RNEW3,-3.804251542372534,0.002864114461073841,2.9858253119606495,749
energia_eletrica,EQPA5,TAEE3,-3.803606596991906,0.0028706295896634725,-0.561460893922181,749
financeiro,BRSR3,BRSR6,-3.802705571846545,0.002879754441002279,0.6790291824343424,749
energia_eletrica,EQPA5,TAEE11,-3.8023789366352894,0.0028830689267135457,-0.1907802069669332,749
energia_eletrica,CPFE3,RNEW4,-3.8013433673654475,0.0028936004543587803,-0.5823299043009665,749
industria,PLAS3,FRAS3,-3.7968563124730372,0.0029396432930458884,-0.29380436874217547,749
financeiro,B3SA3,CGRA4,-3.7967484256515514,0.0029407586027896935,0.22629823306232977,749
energia_eletrica,CPFE3,EQPA7,-3.7955434153872933,0.0029532422204095465,0.538425053105519,749
financeiro,BMIN4,ITSA4,-3.7873027304695435,0.0030399292412231203,0.9136299245699427,749
financeiro,ITSA3,INBR32,-3.783212742141858,0.003083816927956553,0.08064226770729402,585
financeiro,INBR32,RPAD5,-3.7746222565931338,0.0031779001314893433,9.023037790954382,585
energia_eletrica,CPFE3,EGIE3,-3.772164991987376,0.0032052932792470414,0.5531159773275564,749
financeiro,BMIN4,ITSA3,-3.7720629869178204,0.0032064350896601054,0.985633479546552,749
energia_eletrica,ENGI4,ENMT4,-3.769442416356389,0.0032358973034126146,-0.03031595452113898,749
energia_eletrica,CEBR5,CGAS5,-3.768573344491502,0.0032457227711721564,-0.23347993394340288,749
energia_eletrica,ALUP4,CPLE3,-3.7669315940479486,0.0032643587324088646,0.5575340357492299,749
energia_eletrica,CPFE3,ALUP11,-3.765105122455024,0.0032852069665205144,0.4713462050206823,749
financeiro,ITUB4,BNBR3,-3.7626055176211004,0.003313936873474333,0.1847446404266377,749
energia_eletrica,RNEW3,CPLE3,-3.7617547643939453,0.003323767745139621,-0.7404370719187648,749
energia_eletrica,CPFE3,COCE5,-3.7609591496726256,0.003332985686514345,-0.04107321219461466,749
financeiro,B3SA3,SANB4,-3.7601487345454916,0.0033423992288756704,0.7837171814627608,749
energia_eletrica,ENGI4,CPFE3,-3.7556143981852306,0.003395520557907351,0.1691509390594005,749
financeiro,WIZC3,BSLI3,-3.7543489070223157,0.003410483921227319,0.13164942612306282,749
energia_eletrica,EMAE4,ENMT3,-3.7524814543706424,0.003432675527745133,-0.7749384280432284,749
energia_eletrica,CBEE3,TAEE4,-3.747302912686013,0.0034949089241629355,2.5023366532654094,749
industria,KEPL3,INEP4,-3.7447968407903116,0.0035253958771864972,-0.14146267284848346,702
energia_eletrica,CBEE3,TAEE3,-3.7438981997445424,0.0035363873325262463,2.47547615628979,749
financeiro,IRBR3,SANB11,-3.743870297991858,0.0035367291068203227,4.8060600345476265,749
financeiro,BBAS3,PINE4,-3.7438030084557012,0.0035375534747697076,2.9010533253942166,749
financeiro,BMIN4,BPAC3,-3.7382929283804995,0.0036056588103988616,0.3763854709250219,749
financeiro,B3SA3,BRSR5,-3.7380948811080015,0.0036081289308028874,0.4733972156430866,749
energia_eletrica,CMIG4,COCE5,-3.7360053945577425,0.003634284473318914,-0.09617307945090539,749
energia_eletrica,CBEE3,TAEE11,-3.731787911152981,0.0036876077198461287,0.8334512578407351,749
energia_eletrica,CPFE3,EQTL3,-3.731349681575276,0.0036931893408928933,0.34977470747524336,749
industria,KEPL3,LOGN3,-3.727590542020095,0.003741387502996144,0.051102115256884226,749
agro_alimentos,SLCE3,AGRO3,-3.7273621327855926,0.003744334559980181,0.39410661872569885,749
energia_eletrica,CEBR6,CEBR5,-3.7245909107007553,0.0037802601252223986,1.1626141323712154,749
oleo_gas,BRAV3,OSXB3,-3.7180252277022827,0.003866639681446916,3.4147634646379843,749
financeiro,B3SA3,BSLI4,-3.7179337063751694,0.003867856422743214,0.19232666100469048,742
financeiro,WIZC3,BAZA3,-3.717771968135247,0.003870007528230047,-0.032390082427826226,749
financeiro,BBSE3,CGRA4,-3.7136473304255304,0.0039252362747685355,-0.9381663722519868,749
mineracao_siderurgia,CSNA3,USIM3,-3.7134705380573862,0.003927619559315065,1.8380180009668685,749
industria,SHUL4,RAIL3,-3.7107945478404845,0.003963855852926151,0.40663963265922726,749
financeiro,SANB4,BSLI3,-3.7083033335291526,0.003997864700217514,0.14068446065566925,749
energia_eletrica,ENGI11,ENGI3,-3.70443511127301,0.004051201059895338,2.1281887604985084,749
energia_eletrica,CPFE3,ALUP3,-3.7041088215427873,0.004055729681884211,1.1945620356316629,749
financeiro,BSLI3,PSSA3,-3.70384948546801,0.004059332345836273,-0.8464390197596217,749
industria,LUPA3,VLID3,-3.700744967111415,0.004102687703795458,-0.23805628174232707,749
energia_eletrica,ALUP11,CPLE3,-3.699543999471305,0.004119572768114723,1.745787223541874,749
financeiro,SANB4,BBSE3,-3.6954486480817508,0.004177630345941656,-0.17132872523451903,749
energia_eletrica,ENGI4,EMAE4,-3.6947559478273444,0.004187523997140393,0.01798324699055033,749
financeiro,BBSE3,SANB4,-3.693934224833504,0.004199288208646218,-1.909573109458541,749
financeiro,BRSR6,BRSR3,-3.690404847071911,0.004250160802625609,1.344350863609193,749
financeiro,WIZC3,BBSE3,-3.6876868304443313,0.00428972147099451,-0.15402626633154132,749
energia_eletrica,CGAS5,TAEE3,-3.6874414862490394,0.004293308949234224,1.5986332326407193,749
energia_eletrica,CGAS5,ENMT3,-3.6855940232473845,0.004320411099515013,-0.1486205204124672,749
oleo_gas,UGPA3,DEXP3,-3.6816888804068526,0.004378214135729917,3.1801145020766066,749
energia_eletrica,ALUP4,CGAS3,-3.680954193862798,0.00438916738958009,-0.04378992728566605,749
financeiro,BPAC3,BMIN4,-3.6801588827650042,0.00440105267272579,0.6866033744484791,749
energia_eletrica,EQPA7,COCE5,-3.6780090402537886,0.004433327529651822,-0.06055597002122043,749
energia_eletrica,RNEW4,EQPA6,-3.676378015714594,0.004457957506659426,0.6237784983213347,749
energia_eletrica,CGAS5,CPLE3,-3.6748432195629914,0.0044812483245219355,-2.582768550432237,749
financeiro,BRSR5,B3SA3,-3.6699367845723088,0.004556451197921307,0.37894257237760515,749
energia_eletrica,EQPA6,AURE3,-3.6685993393099126,0.004577149484601262,0.6418632153676168,691
financeiro,BNBR3,BBAS3,-3.6685712692140258,0.0045775848144411786,3.5675550449901148,749
industria,TGMA3,ETER3,-3.668526491999039,0.004578279327638074,-1.2410779967362235,749
energia_eletrica,CGAS5,TAEE11,-3.6632648273829327,0.004660562269082932,0.4774230194714473,749
energia_eletrica,CPFE3,CPLE3,-3.660451359639229,0.004705110945805408,1.063837370520751,749
energia_eletrica,CGAS5,TAEE4,-3.657841269686208,0.004746786043381381,1.4120591081429197,749
energia_eletrica,REDE3,CEBR5,-3.652736270673025,0.00482927102359627,0.14667507131807744,749
oleo_gas,DEXP4,DEXP3,-3.6510683381339573,0.004856502655869721,1.0427118147325785,749
energia_eletrica,ENMT4,EQPA5,-3.6482617208951544,0.004902640976800481,-3.426169343200609,749
financeiro,B3SA3,BBSE3,-3.647537827873696,0.004914605722713411,-0.11905479916259212,749
financeiro,B3SA3,BMEB4,-3.6398819222810697,0.0050427825793850035,-0.06557697524846712,749
financeiro,CGRA3,BSLI4,-3.63764585711812,0.005080789228478937,0.8916702261644189,742
financeiro,BPAC11,BNBR3,-3.63668927951762,0.005097127743791572,0.27933763654294463,749
industria,RAPT4,RAPT3,-3.633467538488353,0.005152507900880466,0.9106630427956894,749
oleo_gas,BRAV3,LUXM4,-3.63264189331629,0.00516678817211294,3.5177203542617246,749
energia_eletrica,CGAS5,ENGI3,-3.629298896197892,0.005224976998658078,-1.808770477912084,749
energia_eletrica,CGAS5,EMAE4,-3.6292670648832206,0.005225533913226346,-0.04639086395974682,749
energia_eletrica,CEBR3,REDE3,-3.628517811000764,0.005238658313808116,4.913631704045205,749
financeiro,WIZC3,PSSA3,-3.6215951081292084,0.005361346027975008,-0.11454417403014347,749
financeiro,ITUB4,CXSE3,-3.621208468055173,0.005368274648871622,1.102542725743066,749
agro_alimentos,TTEN3,CAML3,-3.618357755222966,0.005419611342589968,-0.7179939476144038,749
financeiro,BBSE3,SANB11,-3.6181943845686644,0.005422566851715075,-0.9600903485741312,749
energia_eletrica,COCE5,AURE3,-3.617359042646153,0.005437701770964615,4.679246484258619,691
financeiro,WIZC3,CGRA3,-3.6171122962149322,0.0054421797168531395,0.19933847817325137,749
oleo_gas,OSXB3,LUXM4,-3.6158064412228557,0.005465934157370833,0.5529282649117537,749
financeiro,BBSE3,SANB3,-3.615043285864822,0.0054798600690529,-2.034339244006158,749
energia_eletrica,EMAE4,EQPA3,-3.6141232608748024,0.005496691348586087,6.825217254356772,749
energia_eletrica,REDE3,CEBR6,-3.612640684609372,0.0055239129694056996,0.12220494135187886,749
financeiro,B3SA3,BSLI3,-3.6091439115982134,0.005588602862044709,0.12018726796488273,749
financeiro,BNBR3,CXSE3,-3.60707106372436,0.005627274259601404,5.1577194957591255,749
energia_eletrica,CGAS5,COCE3,-3.6060263411345614,0.005646856703331631,0.1853955181019548,749
energia_eletrica,CEBR3,CGAS5,-3.597211348423834,0.0058145651292631035,-0.29216937004164295,749
industria,INEP3,ETER3,-3.596373335687591,0.005830741507130916,0.462437775369536,749
energia_eletrica,ENMT4,EQTL3,-3.5955707857109513,0.005846271589550018,-1.0738191587716561,749
financeiro,ITUB3,INBR32,-3.5931116528032523,0.005894091941832159,0.2894314217664021,585
financeiro,B3SA3,SANB3,-3.5928634335820417,0.005898938471925164,0.7573838270868853,749
oleo_gas,VBBR3,PETR4,-3.5904409669627717,0.005946427675931003,0.531630524773541,749
industria,RAPT3,JSLG3,-3.58659220205448,0.006022590628787868,0.31989346985570233,749
financeiro,WIZC3,PINE4,-3.5784736688900205,0.00618615425835596,-0.46795941621632625,749
energia_eletrica,RNEW4,CEBR6,-3.5765512841156073,0.00622546886899508,-0.20339066759527696,749
financeiro,ITSA4,BNBR3,-3.5764033139273956,0.0062285043585949,0.04919483707217056,749
industria,KEPL3,PTBL3,-3.572196038096006,0.006315375981887774,0.02813570928133718,749
mineracao_siderurgia,GGBR4,BRAP3,-3.5717220208416243,0.006325231898858544,0.5110960008195864,749
industria,KEPL3,TUPY3,-3.5714003370012595,0.00633192837894527,0.31452936672209975,749
energia_eletrica,CGAS5,ALUP4,-3.569910769647737,0.006363020371548068,-3.846762747034602,749
energia_eletrica,AURE3,EQPA6,-3.5672025615522633,0.0064199034313829,1.070821714432675,691
energia_eletrica,CPFE3,CBEE3,-3.566525458141916,0.006434196986589449,-0.23096396645032083,749
energia_eletrica,ALUP4,CEBR6,-3.5655326263695133,0.0064552075860879205,0.12241905632999348,749
energia_eletrica,CGAS5,ALUP3,-3.5630262484612167,0.00650852469544395,-3.7338151287493355,749
energia_eletrica,RNEW4,CPLE3,-3.5620837224409674,0.006528677486546015,-0.6641517409517961,749
energia_eletrica,CGAS5,ALUP11,-3.5617509659331574,0.006535805848484286,-1.3162115569632316,749
energia_eletrica,EMAE4,EQTL3,-3.5605361397748614,0.006561889840568514,1.373795708428486,749
industria,KEPL3,RAPT4,-3.560278070583557,0.0065674430501540095,0.08339842299048361,749
industria,KEPL3,ROMI3,-3.559583927863721,0.006582400913809346,0.013462316148024449,749
energia_eletrica,CPFE3,ALUP4,-3.558321027748362,0.0066096937787214856,1.5464624589585174,749
financeiro,BMIN4,BMEB3,-3.5579653834705796,0.0066173981420647055,0.09677494503089909,749
financeiro,SANB11,BBSE3,-3.5575870824647127,0.006625602231288736,-0.33352400037475494,749
energia_eletrica,ENMT4,ENGI4,-3.5564786970649456,0.006649692386062312,-7.168709655712068,749
energia_eletrica,CGAS5,EQPA3,-3.5530317448994344,0.006725116860798207,-3.77348661443574,749
energia_eletrica,CGAS5,EQPA7,-3.552917248530993,0.006727635427672773,-1.7006810685156943,749
industria,KEPL3,RAIL3,-3.551148756004967,0.006766645216845689,0.2733415828058633,749
energia_eletrica,CGAS5,ENMT4,-3.5508542407967925,0.00677316151341237,0.038504388867440224,749
energia_eletrica,ALUP4,CEBR5,-3.5502753208232396,0.006785986936947987,0.13485800091179742,749
financeiro,ITSA4,ITSA3,-3.5490564351699616,0.006813061952818589,1.096365111765679,749
financeiro,IRBR3,SANB3,-3.5485884776257146,0.006823482558085358,10.157933782392108,749
financeiro,ITSA3,ITSA4,-3.5484556708671633,0.006826442556755921,0.9040874120250669,749
energia_eletrica,EQTL3,CPLE3,-3.547817085250277,0.00684069156516515,3.1058736443003205,749
industria,KEPL3,LUPA3,-3.5444888409581345,0.006915391790750533,-0.2926993389143501,749
financeiro,BBSE3,WIZC3,-3.5441036113551134,0.006924085409715444,-2.481266693353351,749
financeiro,ITUB4,PINE4,-3.542135181244532,0.006968661944022685,2.3017845627861186,749
industria,PTBL3,PLAS3,-3.5404215260513294,0.00700767970839362,0.895791260909845,749
energia_eletrica,CGAS5,CMIG4,-3.539396368622131,0.007031115420528992,-1.2037823287809986,749
energia_eletrica,ENMT4,CPFE3,-3.5388760519705196,0.007043037216042368,-1.2373413911724391,749
energia_eletrica,CGAS5,ENGI11,-3.532426453871691,0.007192336298936382,-0.5259415112813917,749
energia_eletrica,CGAS5,COCE5,-3.5296103802851326,0.007258415281630534,0.23671440750269784,749
financeiro,BSLI3,CGRA4,-3.528569233427819,0.007282984029733004,1.366791212836799,749
financeiro,SANB3,BBSE3,-3.5278516523921204,0.0072999609753005585,-0.16872622529320472,749
industria,KEPL3,FRAS3,-3.5235413796914985,0.0074026889382475605,0.10357958991888136,749
energia_eletrica,CGAS5,ENGI4,-3.522389375586818,0.007430364774877968,-2.7750934743499602,749
financeiro,B3SA3,PSSA3,-3.5216492957038774,0.007448193677299629,-0.09502394848255451,749
energia_eletrica,ENGI4,EQPA3,-3.5188573494049202,0.007515800685916335,0.3552225132448585,749
financeiro,BSLI3,WIZC3,-3.5182784400269713,0.007529888004476761,3.957466874724941,749
energia_eletrica,CPFE3,CMIG3,-3.5160757802760636,0.007583705769570965,0.3323634219145021,749
industria,KEPL3,JSLG3,-3.511421824106253,0.007698557260562679,0.14460510738268428,749
financeiro,B3SA3,CGRA3,-3.5093001789531217,0.007751433620324912,0.18451285800554681,749
financeiro,B3SA3,SANB11,-3.506102736278504,0.007831739161417703,0.3850244150226337,749
energia_eletrica,ALUP3,RNEW3,-3.504439534695578,0.007873806752556368,-0.6180921785077016,749
financeiro,BMIN4,ITUB3,-3.504216318020627,0.00787946805268016,0.24602241500542377,749
oleo_gas,VBBR3,PETR3,-3.5039843160048485,0.007885356051416485,0.5490436239283457,749
energia_eletrica,CBEE3,EQPA7,-3.498938821418732,0.00801438923606112,-3.364100038952183,749
industria,KEPL3,INEP3,-3.498339960412755,0.008029829884716653,-0.08355551496152973,749
financeiro,BBAS3,BPAC5,-3.497403304842196,0.00805403366492925,2.399539836222375,749
financeiro,IRBR3,INBR32,-3.4911065069359997,0.008218457097596844,0.4646073419077447,585
financeiro,RPAD6,BAZA3,-3.4894456573822463,0.00826232545795413,0.06892990847260184,749
mineracao_siderurgia,FESA3,CBAV3,-3.487252757137874,0.00832056928946337,-0.1420017210432391,749
financeiro,BMIN4,ITUB4,-3.4865916694649006,0.008338200123912612,0.20490685362776428,749
financeiro,SANB11,BSLI3,-3.4846993489452975,0.00838885292899912,0.27067679188556093,749
agro_alimentos,BEEF3,LAND3,-3.4837805943432905,0.00841354528335739,0.4305452473438788,749
industria,KEPL3,POMO4,-3.483586352656251,0.008418774055289962,0.1518344176844294,749
financeiro,BMIN4,PINE4,-3.4821943464975242,0.008456330806933497,0.5997897786233111,749
energia_eletrica,CGAS5,EQPA5,-3.481852459933734,0.008465577996160193,-1.4746319101782388,749
financeiro,BPAC5,BBAS3,-3.481064222870832,0.00848693247838343,0.37145093881854196,749
financeiro,CGRA4,INBR32,-3.4773962323115133,0.008586941234318133,-0.12564410839879134,585
industria,ETER3,POMO4,-3.4744917120239154,0.008666882897787206,-1.3052042323023032,749
industria,KEPL3,POMO3,-3.4718072374739313,0.008741361425485178,0.21151252758563407,749
industria,PLAS3,ROMI3,-3.4715169193913376,0.008749450371706342,0.4189990630615508,749
energia_eletrica,CGAS5,EGIE3,-3.4692849754508326,0.008811862193245569,-1.6098804146830392,749
energia_eletrica,ALUP11,CGAS3,-3.468032006737387,0.008847073686231048,-0.1393137471322812,749
financeiro,BMEB3,BMEB4,-3.467624559630098,0.00885855110889269,0.8320582304349762,749
financeiro,BBAS3,RPAD6,-3.4674145725028036,0.008864471472457496,2.3787587178332394,749
energia_eletrica,ENMT4,EGIE3,-3.467359550995016,0.0088660233318913,-1.4538948991072478,749
energia_eletrica,EMAE4,ENGI4,-3.465594328673488,0.008915940188385292,8.56761324329787,749
oleo_gas,OSXB3,RAIZ4,-3.463867919434552,0.008965003086424927,0.6341508102710066,749
energia_eletrica,CGAS5,EQTL3,-3.463165851136616,0.008985024328225283,-0.5654365438277638,749
energia_eletrica,CPFE3,CMIG4,-3.4629581406916152,0.008990955392280921,0.5341357842407545,749
financeiro,WIZC3,BPAC5,-3.461222174771765,0.009040662399967826,-0.3365259646662734,749
financeiro,ITUB4,INBR32,-3.4604938035382107,0.009061591564358998,0.32372609499479543,585
financeiro,ITUB4,ITUB3,-3.460163771728285,0.009071089051484746,1.1376469512021188,749
energia_eletrica,CGAS5,LIGT3,-3.458743352483064,0.009112067052673922,0.3115386377364818,749
financeiro,BMIN4,BPAC11,-3.4580740978279922,0.009131431962444253,0.13527062143182375,749
financeiro,IRBR3,B3SA3,-3.456139886583914,0.009187605894570816,3.6429852544679022,749
energia_eletrica,ALUP3,CGAS3,-3.453351252425517,0.009269139165483482,-0.05000364745173086,749
oleo_gas,OSXB3,CSAN3,-3.4525588433087617,0.009292425324885783,0.22919653210354285,749
financeiro,SANB3,BSLI3,-3.452052931662327,0.009307319703833417,0.13430751976117913,749
industria,PLAS3,WEGE3,-3.4506253400540454,0.009349464306117846,-0.09701169898700578,749
agro_alimentos,LAND3,BEEF3,-3.4501298209779505,0.009364132656607385,1.9287190146357436,749
energia_eletrica,ALUP4,TAEE3,-3.4475953743408416,0.009439479999406544,-0.392690704748286,749
financeiro,BPAC5,PINE4,-3.446284016713325,0.0094786784055018,1.1466874577921387,749
energia_eletrica,EQPA6,CMIG4,-3.4452669857480562,0.009509179195236651,-0.8185303212904794,749
financeiro,ITUB3,BNBR3,-3.4440477371160503,0.009545860243818977,0.16220846242292136,749
industria,LUPA3,FRAS3,-3.443761065426198,0.009554503113751413,-0.3030727050973979,749
oleo_gas,OSXB3,PRIO3,-3.4418022166692985,0.009613748099823849,-0.08516411147927588,749
financeiro,CXSE3,BNBR3,-3.4359277627209055,0.009793395325645476,0.162170391243225,749
energia_eletrica,ENMT3,EMAE4,-3.4351113451452946,0.009818598403267452,-0.44385662469802745,749
energia_eletrica,ALUP4,RNEW3,-3.4306097871766843,0.009958607057117473,-0.5317426831761417,749
industria,ETER3,POMO3,-3.4293793015259784,0.009997187170375331,-1.7585325548747692,749
financeiro,INBR32,ITUB3,-3.426901448587143,0.010075282168138097,2.9587018706282477,585
financeiro,BNBR3,BPAC11,-3.4253009927542757,0.010126013298100074,2.653374445273509,749
industria,KEPL3,WEGE3,-3.4234405004533746,0.010185273718936082,0.04111273239278634,749
financeiro,WIZC3,BBAS3,-3.423263931912503,0.0101909138414007,-0.1390545263656181,749
financeiro,BRSR5,BRSR3,-3.4213018518526472,0.010253776441050941,0.592308847591537,749
financeiro,ITUB4,BMEB3,-3.4198174199853137,0.010301565593693503,0.3505280862128282,749
industria,PLAS3,AERI3,-3.4195837028579934,0.010309107870680914,0.026620957958479945,749
industria,LUPA3,POMO4,-3.419063440416818,0.010325914943276397,-0.5881690419298592,749
mineracao_siderurgia,GOAU3,GGBR3,-3.4179626220144357,0.010361557518615271,0.3527010683881452,749
industria,LUPA3,POMO3,-3.4167558216491365,0.010400757741308534,-0.7980828500470003,749
energia_eletrica,CGAS5,CPFE3,-3.416631990824125,0.010404787587447112,-0.3613682498205563,749
financeiro,BMIN4,BMEB4,-3.40642629232049,0.010741740822312622,0.07576427853195553,749
energia_eletrica,CMIG4,RNEW3,-3.4017431591162284,0.010899590778244166,-0.7596271485393186,749
financeiro,BMIN4,CXSE3,-3.40159813101416,0.010904511930218805,0.26809864639953696,749
financeiro,ITUB4,RPAD5,-3.4013665114076526,0.01091237544590573,2.4465136172502935,749
mineracao_siderurgia,USIM3,USIM5,-3.396990973363474,0.011061877816247373,0.8490969856667355,749
agro_alimentos,ABEV3,BEEF3,-3.394707457022335,0.011140622648922146,0.2860365428669353,749
agro_alimentos,ABEV3,LAND3,-3.390714262020954,0.011279524304071567,0.13000096647556247,749
energia_eletrica,EQPA7,TAEE4,-3.390185073060291,0.011298047130760122,-0.4723389491700158,749
financeiro,CGRA4,RPAD6,-3.390065322219942,0.011302242439006871,-1.628932087425416,749
financeiro,SANB11,CGRA4,-3.388037626582074,0.011373490805450833,0.45651194599401324,749
financeiro,ITSA4,INBR32,-3.386639089930954,0.011422864640434089,0.08882116831403129,585
financeiro,ITSA4,BMIN4,-3.386374530316603,0.011432226053079952,0.3598759395840693,749
energia_eletrica,EQTL3,EMAE4,-3.3853262973128677,0.011469384793653812,0.1483686526179081,749
financeiro,INBR32,ITSA3,-3.3843947899552176,0.01150249585432252,9.838572920690977,585
industria,ETER3,PTBL3,-3.383849565436546,0.01152191565211836,1.2786731275372514,749
energia_eletrica,CPLE3,EQTL3,-3.3835090283551086,0.011534059685771831,0.2736716846647756,749
financeiro,SANB4,IRBR3,-3.383101824632419,0.011548596090147184,0.047070741646915326,749
energia_eletrica,ALUP3,CEBR5,-3.3823449403607455,0.011575658723710552,0.16230400613205037,749
energia_eletrica,EMAE4,ENGI11,-3.380585547768001,0.011638784379316239,1.4418285116814642,749
financeiro,PINE4,BBAS3,-3.377002994779259,0.01176827053711922,0.29442499623886625,749
energia_eletrica,ALUP4,TAEE11,-3.3759713284163033,0.011805795300592224,-0.12943620328539096,749
financeiro,CGRA3,B3SA3,-3.3706396139123656,0.012001425341388677,1.1620990350000104,749
mineracao_siderurgia,GOAU3,USIM5,-3.36985346886151,0.012030512670162172,-0.06322176865052485,749
financeiro,BRSR6,BAZA3,-3.368964901349294,0.012063464987506716,0.03991681236828098,749
industria,MYPK3,WEGE3,-3.3650916603415193,0.012208041224007551,-0.11453652506673202,749
energia_eletrica,ALUP11,RNEW3,-3.3650602282474096,0.012209220752580472,-1.6808419592015806,749
financeiro,ITSA3,BNBR3,-3.3642189829830516,0.012240827139389636,0.04433117407336488,749
energia_eletrica,ENGI4,ENMT3,-3.3628404418833164,0.012292777270945411,-0.01958413833576336,749
financeiro,CGRA3,WIZC3,-3.36014664938559,0.012394857499644939,2.6585162337069255,749
energia_eletrica,CPLE3,ALUP11,-3.357700805878835,0.012488192476967286,0.4461229283034087,749
industria,INEP3,FRAS3,-3.357659894834082,0.012489758955660468,-0.3700788484052798,749
energia_eletrica,ALUP4,TAEE4,-3.3576204972937536,0.01249126764718945,-0.3899552794377225,749
mineracao_siderurgia,USIM5,USIM3,-3.3539238056759237,0.012633550069070677,1.157585734216939,749
industria,VLID3,LUPA3,-3.3507287900286546,0.01275767911780167,-3.021895297844277,749
energia_eletrica,TAEE11,EQPA5,-3.350510049794075,0.0127662167629972,-2.1519564466369294,749
financeiro,ITUB3,ITUB4,-3.349877891537708,0.012790918987936318,0.8732394402669629,749
energia_eletrica,EQPA7,TAEE3,-3.34894031810571,0.01282763362175355,-0.4606696159465125,749
financeiro,ITUB3,CXSE3,-3.3485317103076806,0.012843663576000574,0.9764903229710996,749
oleo_gas,PETR3,PETR4,-3.3482357519057264,0.012855285301529374,0.9299812439192676,749
energia_eletrica,CEBR5,RNEW4,-3.3481381256658156,0.012859120942172005,-2.150743821658511,749
financeiro,BSLI3,BBSE3,-3.3475239983178313,0.012883272673328124,-1.207306004418029,749
industria,ETER3,TGMA3,-3.3471322204853107,0.012898701074263915,-0.5241244586224617,749
energia_eletrica,ENMT4,CGAS3,-3.3451561346105163,0.0129767700597936,0.1914919984820954,749
financeiro,BAZA3,PINE4,-3.343658331273767,0.013036222142440938,14.62949215982861,749
financeiro,IRBR3,SANB4,-3.3435653027232615,0.013039922654504411,9.2563886645585,749
energia_eletrica,ALUP11,CEBR5,-3.3425090355358713,0.013082004395728378,0.4394041139931591,749
financeiro,WIZC3,RPAD6,-3.3398426031121384,0.013188770601387248,-0.446838125757923,749
financeiro,BPAC3,BNBR3,-3.339011746491117,0.013222196062650527,0.09511791909342625,749
industria,KEPL3,VLID3,-3.336533269827525,0.013322351360335057,0.08407836937727602,749
energia_eletrica,TAEE3,EQPA5,-3.334720691572777,0.013396022127184699,-0.7402295126420864,749
oleo_gas,PETR3,RECV3,-3.3342212848495105,0.01341638333926526,-0.4993664199489784,749
energia_eletrica,ALUP11,CEBR6,-3.3318766922884713,0.013512340694249019,0.3940285417677233,749
energia_eletrica,EQPA7,TAEE11,-3.3293480856362185,0.013616509090140004,-0.15615114071271763,749
mineracao_siderurgia,GOAU3,USIM3,-3.3288042568927567,0.013639005201336948,-0.0653551458943884,749
financeiro,SANB3,IRBR3,-3.328483845803551,0.013652274758745338,0.047750745585963754,749
financeiro,BMEB4,BMEB3,-3.3263445508215055,0.013741164752148682,1.1691060748835966,749
financeiro,ITSA4,PINE4,-3.3245762487414647,0.01381502539185491,0.6232624715670126,749
financeiro,BSLI3,SANB11,-3.3233472144036678,0.013866567688213958,1.453970829076145,749
energia_eletrica,TAEE3,CBEE3,-3.3227156384604175,0.013893120270705595,0.1726828101119322,749
energia_eletrica,TAEE11,CBEE3,-3.320783092361157,0.013974647211481497,0.4974206888234983,749
financeiro,IRBR3,BPAC3,-3.320038682932238,0.014006163651554068,0.33206127994453055,749
energia_eletrica,ENGI4,REDE3,-3.318997157650698,0.014050364602168037,0.3392060897987431,749
energia_eletrica,ENMT4,EQPA3,-3.3187784248037366,0.014059662971767067,-2.9682655690080084,749
financeiro,ITSA3,BMIN4,-3.318647223949692,0.014065242949010624,0.3201497435680481,749
energia_eletrica,ALUP4,CEBR3,-3.3173873579099498,0.01411892473916285,0.11222847523581887,749
energia_eletrica,CGAS5,CBEE3,-3.3170571023642856,0.014133026533683046,0.691541061649007,749
financeiro,BSLI3,SANB3,-3.316548739272127,0.014154757763497285,3.0217656195863496,749
financeiro,IRBR3,PABY11,-3.3160901895057044,0.014174384903023314,-1.266819557643115,749
energia_eletrica,EQPA7,EQPA5,-3.3150433572442233,0.014219282150743723,0.6163601969588048,749
mineracao_siderurgia,USIM5,BRAP4,-3.3077710480746956,0.014534661868354167,0.34783583514700406,749
financeiro,B3SA3,CXSE3,-3.305395820905737,0.01463899728850442,-0.1496756161879497,749
financeiro,BAZA3,RPAD6,-3.3050215836689802,0.014655496309730348,12.447494475246543,749
financeiro,IRBR3,RPAD5,-3.3045134613251737,0.014677924176967613,5.370399443636546,749
financeiro,BAZA3,BSLI3,-3.304300564259952,0.014687330172509526,-3.5141252478094733,749
energia_eletrica,ENMT4,TAEE3,-3.30275457673982,0.014755792939827988,3.190620603815448,749
financeiro,B3SA3,BMEB3,-3.3008350018392743,0.014841191120168585,-0.07185217619401983,749
energia_eletrica,COCE5,EQPA6,-3.3005495357467285,0.01485392809214405,6.314474782219283,749
energia_eletrica,ALUP4,EQTL3,-3.2987036483895555,0.014936520983925929,0.16209973702051775,749
financeiro,BRSR5,BRSR6,-3.2981300976770096,0.014962266365934276,0.3765521050595478,749
financeiro,SANB11,IRBR3,-3.2981196169462437,0.014962737185550542,0.0946280182138424,749
energia_eletrica,ALUP3,RNEW4,-3.296497299566757,0.015035773156536394,-0.5967054265202486,749
energia_eletrica,ENMT4,CPLE3,-3.2959376360763093,0.01506104170449361,-2.647532380295795,749
financeiro,RPAD6,INBR32,-3.2956685758282958,0.015073202959103681,0.08958635642012072,585
energia_eletrica,ALUP3,CEBR6,-3.295325358363843,0.01508872859933649,0.14444038722740127,749
mineracao_siderurgia,USIM3,BRAP3,-3.293313883540347,0.015180002302002185,0.4160663067216034,749
financeiro,BSLI3,PINE4,-3.2916384162305636,0.015256399953684815,-3.1610194524182837,749
financeiro,ITSA4,RPAD5,-3.288470903472299,0.015401756981467764,0.6585192573418164,749
industria,LUPA3,TGMA3,-3.2883604244077826,0.015406848784945896,-0.2338329233697081,749
energia_eletrica,ENMT4,TAEE11,-3.2881993724424428,0.0154142740665014,1.0759371223969496,749
financeiro,ITUB3,RPAD5,-3.28570292634539,0.015529775838715489,2.1811105981416143,749
energia_eletrica,ALUP3,EQPA6,-3.284766265633285,0.015573307878133961,-0.5307013698690412,749
energia_eletrica,ENMT4,TAEE4,-3.2835060230400077,0.015632048000282905,3.29212451021234,749
energia_eletrica,EQPA7,EQPA6,-3.2830038196797378,0.015655510032757943,-0.3791325690291572,749
financeiro,IRBR3,BRSR3,-3.282597753174481,0.015674503365301143,0.5810426178382515,749
oleo_gas,OSXB3,UGPA3,-3.280615509698239,0.015767511926717197,-0.139630805094091,749
financeiro,CGRA4,PSSA3,-3.280420389839132,0.015776693299341345,-0.4095419303153466,749
industria,MYPK3,POMO4,-3.2797546893884006,0.015808053246868924,-0.3084889765968564,749
energia_eletrica,ENGI11,ENMT4,-3.275875178356613,0.01599190258841149,-0.2001344549932657,749
energia_eletrica,ENGI4,EGIE3,-3.275442507183244,0.01601252281458741,0.20390536980071675,749
financeiro,ITUB3,BMEB3,-3.2716971083615785,0.016191999539831758,0.31426308655366947,749
financeiro,CGRA4,B3SA3,-3.2713221990807337,0.016210061834357366,1.2449405713239836,749
energia_eletrica,ENMT4,RNEW3,-3.2699516883448876,0.016276240663843776,2.7330928056159793,749
energia_eletrica,CBEE3,EQPA6,-3.269227683709124,0.016311296876208428,1.8794355536232508,749
agro_alimentos,SLCE3,JALL3,-3.2688657004067707,0.016328848909279502,0.794659429912524,749
energia_eletrica,ENMT4,CBEE3,-3.2682788720134774,0.016357338582334544,0.6413853129696497,749
financeiro,PINE4,INBR32,-3.267506346219279,0.01639491013338618,0.11288406480818329,585
energia_eletrica,ENGI4,EQTL3,-3.2654092123363605,0.016497285824907917,0.10087470186174467,749
energia_eletrica,RNEW4,EQTL3,-3.2651960482781273,0.01650772319310688,-0.17346458797237818,749
financeiro,BPAC3,RPAD5,-3.2622905080015623,0.016650569043737563,1.4044868911276358,749
energia_eletrica,CEBR6,CGAS5,-3.261706348444428,0.01667941881706655,-0.2713167507350662,749
energia_eletrica,ENMT4,ALUP11,-3.261112175576196,0.016708808093063847,-1.1939281806884405,749
industria,MYPK3,POMO3,-3.2599142743607623,0.016768197421943607,-0.4101918141664889,749
energia_eletrica,COCE5,CMIG4,-3.2596337196170544,0.016782133444083833,-5.904367467038641,749
energia_eletrica,ENGI4,CGAS3,-3.25886476349384,0.016820381963140875,-0.016598313232994138,749
oleo_gas,PRIO3,DEXP3,-3.258754823276744,0.016825856723037037,3.9419918757055092,749
financeiro,BAZA3,BNBR3,-3.2586109910863335,0.01683302158169302,1.1841172507697397,749
financeiro,RPAD3,ITSA4,-3.258281319835489,0.016849453924854946,0.7531857697028016,749
financeiro,BRSR5,SANB3,-3.2578604487827456,0.016870452529856885,0.19187746939576433,749
energia_eletrica,EQPA3,EMAE4,-3.257219989047141,0.016902451147303293,0.033527412945002305,749
financeiro,WIZC3,BNBR3,-3.255633372164788,0.01698195092828934,-0.03487659125257946,749
financeiro,BRSR5,BPAC11,-3.255015645341812,0.017012991585491292,0.06145093814323343,749
financeiro,WIZC3,CXSE3,-3.254192436526843,0.017054434969905344,-0.18755442925242868,749
energia_eletrica,RNEW3,ALUP11,-3.2534396538200556,0.01709241026970505,-0.35851343126003316,749
energia_eletrica,RNEW3,ALUP4,-3.25249566362713,0.017140136048988616,-1.1017725612445033,749
industria,PLAS3,SHUL4,-3.2504976110952017,0.017241537892837583,-0.690338559591816,749
energia_eletrica,CPFE3,AURE3,-3.250308301319366,0.017251172630321283,0.061568794991674836,691
energia_eletrica,RNEW4,CEBR5,-3.249036534431925,0.017316020332944188,-0.2343526088477749,749
energia_eletrica,ENMT4,AURE3,-3.249011681905177,0.017317289693509055,-0.8526513150463036,691
energia_eletrica,CPLE3,RNEW4,-3.2454164819430154,0.017501777956856472,-0.8753488569653306,749
energia_eletrica,ALUP11,EQPA6,-3.244984356728421,0.01752406796876775,-1.4214799893337553,749
financeiro,ITSA3,PINE4,-3.2437256706627355,0.017589135576293737,0.5638524357762915,749
mineracao_siderurgia,GGBR4,BRAP4,-3.2433689684456835,0.017607613666153283,0.40049619690137667,749
financeiro,BRSR5,BPAC5,-3.2418289446847286,0.017687586020594805,0.19472766324335136,749
financeiro,BPAC3,BRSR3,-3.2404768721964876,0.017758060064159618,1.3475041661780103,749
financeiro,CGRA3,RPAD6,-3.2400937572626125,0.01777807377522944,-1.80998325116656,749
financeiro,INBR32,ITUB4,-3.2390658190200696,0.01783187024058188,2.6212812097509754,585
energia_eletrica,ENMT4,ALUP4,-3.239043897326084,0.017833019047137705,-4.144470074931969,749
financeiro,RPAD3,ITUB3,-3.234661122412019,0.018064002822951702,0.24938331654767354,749
financeiro,BBSE3,B3SA3,-3.2338688408717764,0.01810603618600468,-0.9057198606428968,749
oleo_gas,OSXB3,PETR3,-3.2332922954701706,0.01813667770727484,-0.12171352353217162,749
financeiro,BRSR5,IRBR3,-3.2332650455971335,0.01813812707106041,0.021192206334224882,749
financeiro,BMIN4,BPAC5,-3.2312799528178564,0.018243982723975705,0.3863999754916624,749
financeiro,INBR32,BMIN4,-3.231164627207316,0.018250149057334925,4.994440211549956,585
financeiro,BNBR3,BAZA3,-3.229635063310554,0.018332105601383014,0.72152249087565,749
financeiro,SANB11,CGRA3,-3.2286235099805336,0.018386482795035266,0.3975909647254347,749
mineracao_siderurgia,GOAU3,CSNA3,-3.2281985594802136,0.018409368492562993,-0.017946835918762706,749
industria,RAPT3,SHUL4,-3.227435615230368,0.018450519287898752,0.37334252649164756,749
mineracao_siderurgia,USIM5,CSNA3,-3.2273071122468537,0.018457458232772242,0.5552445006197413,749
energia_eletrica,ENMT4,COCE5,-3.2268514874415484,0.01848207957926894,-0.09677013599207485,749
financeiro,ITUB3,PINE4,-3.226195431346074,0.018517582354066805,2.0360777147955327,749
mineracao_siderurgia,USIM3,BRAP4,-3.2243204521030937,0.018619376286552126,0.32567116908203214,749
oleo_gas,PETR4,LUXM4,-3.2240739708646027,0.018632794198337937,-2.6144668398421165,749
mineracao_siderurgia,GOAU3,CMIN3,-3.2235547083900467,0.01866108937023368,-0.06435406383051313,749
financeiro,BMIN4,BNBR3,-3.2221824841019715,0.01873604399167959,0.04320968858022863,749
financeiro,B3SA3,BAZA3,-3.221752967876294,0.018759559280450512,-0.02006834447890544,749
financeiro,CGRA4,PINE4,-3.2217480617872494,0.018759828029300683,-1.6622029045011741,749
energia_eletrica,ALUP3,TAEE3,-3.220049312671391,0.01885308546544131,-0.45530915955089385,749
financeiro,BBAS3,CXSE3,-3.2196252096127695,0.01887643077071623,1.3430208444633043,749
industria,RAPT3,INEP4,-3.2195914115424924,0.01887829231439455,0.07776389490259045,702
financeiro,INBR32,ITSA4,-3.2188873954023114,0.018917104838910116,9.114703238374874,585
financeiro,BSLI4,CGRA4,-3.216752855683204,0.019035208266838518,0.8124380237584286,742
industria,PTBL3,ETER3,-3.216259380741465,0.01906260345115346,0.46375934364935656,749
mineracao_siderurgia,CSNA3,BRAP3,-3.2158460142452046,0.01908557789206698,0.9625327910041709,749
energia_eletrica,ENMT4,RNEW4,-3.2124805175435003,0.019273528848865806,2.337409340581197,749
oleo_gas,OSXB3,RECV3,-3.2124069666292803,0.019277654360884845,0.13985170396987773,749
energia_eletrica,LIGT3,TAEE4,-3.212200470241519,0.01928924097445887,1.1414270230444834,749
financeiro,BRSR5,BPAC3,-3.2112903944107685,0.01934037814968478,0.1329536491975705,749
energia_eletrica,CMIG4,RNEW4,-3.2098151383106073,0.019423523884970057,-0.7418940423516367,749
energia_eletrica,EMAE4,ENGI3,-3.2085324615762114,0.01949606883169291,2.8869350291062013,749
financeiro,RPAD6,BBAS3,-3.207429390024208,0.0195586444865658,0.32182641497387654,749
financeiro,CGRA4,BNBR3,-3.206577990975072,0.019607062717512686,-0.1351038652722299,749
financeiro,PINE4,BAZA3,-3.204458622196334,0.019728042894640203,0.0607718814630249,749
energia_eletrica,ENMT4,CMIG3,-3.203627566842783,0.019775659285896856,-1.4772475254987723,749
energia_eletrica,ENMT4,REDE3,-3.202172868231775,0.019859249083928554,1.5759803465401918,749
financeiro,BRSR3,BRSR5,-3.200582797033863,0.019950969412458865,0.4512069407731656,749
financeiro,BRSR5,BSLI4,-3.1981348648408976,0.020092894721756183,0.04339595212648468,742
energia_eletrica,CPLE3,ALUP4,-3.198102869880308,0.020094755515873072,1.384033168985281,749
industria,INEP4,POMO4,-3.197419850888175,0.02013451498807218,-0.7041252168214286,702
financeiro,IRBR3,BMEB3,-3.1973657960187407,0.020137664517310642,-0.16548017721254707,749
financeiro,BSLI3,B3SA3,-3.1964457456389384,0.020191337414070705,1.7061810246383642,749
mineracao_siderurgia,GOAU3,CBAV3,-3.193244504129733,0.020379059040092025,-0.01775788181843649,749
oleo_gas,RECV3,PETR4,-3.1925262689048957,0.020421384415362023,-0.3805887867668594,749
energia_eletrica,ENMT4,CEBR5,-3.191927181471406,0.02045674690145781,-0.33034351463593215,749
financeiro,BSLI3,SANB4,-3.1871558468131447,0.020740291292357133,2.9259836626915394,749
industria,INEP4,POMO3,-3.187020368386858,0.020748391938995546,-0.9555472423308635,702
energia_eletrica,CEBR5,REDE3,-3.18615451965348,0.020800228499292917,3.8614870192836577,749
energia_eletrica,ENMT4,CEBR6,-3.1850259307424573,0.02086796366049691,-0.4311837452740705,749
financeiro,CXSE3,ITUB4,-3.1835519197011135,0.02095671873036626,0.7525968685845815,749
financeiro,CGRA4,BAZA3,-3.1834763744997043,0.02096127637574187,-0.11683473183596715,749
financeiro,CXSE3,PINE4,-3.1831011494586274,0.020983926478576782,2.029443969294639,749
financeiro,CGRA4,BBAS3,-3.1828318462546474,0.02100019581044611,-0.532920087305107,749
financeiro,BMIN4,PSSA3,-3.182386994998853,0.021027094467261902,0.11151380508258334,749
energia_eletrica,RNEW3,CMIG4,-3.1820430868193093,0.021047909938157718,-0.6474567452419826,749
financeiro,BNBR3,ITSA4,-3.180006744003045,0.021171529144582178,14.33988592251694,749
financeiro,SANB11,WIZC3,-3.1792175319446376,0.021219608640937082,1.440679031581881,749
financeiro,CGRA3,BAZA3,-3.177522831722128,0.021323171647420366,-0.13360492174867983,749
financeiro,CGRA3,BNBR3,-3.177506472267101,0.02132417350641719,-0.15719405964190547,749
financeiro,CGRA3,BPAC5,-3.1771118409910226,0.021348353251091925,-1.5498011836720622,749
mineracao_siderurgia,BRAP4,PMAM3,-3.1759286071057162,0.02142099472139794,1.4532975140984852,749
oleo_gas,OSXB3,PETR4,-3.175637230898307,0.021438915856928652,-0.11716154084773418,749
energia_eletrica,ENMT4,CGAS5,-3.175567335664953,0.0214432167073031,0.04618810995602253,749
financeiro,CGRA3,INBR32,-3.1735981607689756,0.021564693583890255,-0.16487506177811767,585
financeiro,BRSR6,BSLI4,-3.1733670267673473,0.02157899113107828,-0.15515049424037486,742
energia_eletrica,ALUP11,CEBR3,-3.171093122841013,0.021720089757365998,0.3702651040024816,749
energia_eletrica,ENMT4,LIGT3,-3.1708959481286896,0.021732362306025207,0.29130622615817203,749
industria,PLAS3,TGMA3,-3.170400902003983,0.02176320146892234,-0.17793785196897313,749
financeiro,B3SA3,RPAD5,-3.169925712612249,0.021792839328557814,-0.3976161702481715,749
oleo_gas,RECV3,PETR3,-3.1685404693656727,0.02187943758251566,-0.3993128084270869,749
energia_eletrica,RNEW3,CEBR5,-3.1666199197672547,0.02199999377781924,-0.24112077445535535,749
financeiro,IRBR3,BRSR5,-3.1663975226004757,0.02201399114895619,3.5535292315711624,749
energia_eletrica,ALUP4,RNEW4,-3.166327056674025,0.022018427786882948,-0.5034073573613398,749
energia_eletrica,ENMT4,CEBR3,-3.165887969453338,0.022046090820905064,0.004793775400359665,749
mineracao_siderurgia,GGBR3,GOAU3,-3.1649270848115365,0.02210673280839316,2.157789210061187,749
financeiro,IRBR3,BMEB4,-3.1645352037798995,0.022131506104435216,-0.23695707884536168,749
financeiro,BMIN4,BBAS3,-3.1642462702977183,0.022149786829754593,0.13078331873847102,749
energia_eletrica,ENGI4,CEBR6,-3.1642449106778128,0.02214987288336603,0.06337162701101527,749
energia_eletrica,ENMT4,ALUP3,-3.1640952919900913,0.022159344379395148,-2.879457085920762,749
energia_eletrica,ENMT4,EQPA7,-3.163790702801297,0.022178637005602922,-0.1122745295410516,749
financeiro,BRSR6,RPAD3,-3.161919811438519,0.022297458379876064,0.7127450280906137,749
financeiro,ITSA4,RPAD3,-3.1607190605263225,0.02237400886447594,0.8038406678548634,749
industria,MYPK3,VLID3,-3.15934507488796,0.02246188250883319,-0.10405539911535469,749
oleo_gas,PETR4,PETR3,-3.158211104771667,0.02253463077853577,1.0534853490320957,749
financeiro,SANB4,PSSA3,-3.1573202306458965,0.022591926522105527,-0.09980406989147231,749
energia_eletrica,CEBR5,RNEW3,-3.1541758316289217,0.02279516456960278,-2.01151998375198,749
energia_eletrica,ENMT4,EQPA6,-3.1538323769556063,0.022817459266445603,0.3126247158110954,749
financeiro,PINE4,CXSE3,-3.1531454170661832,0.022862108538833283,0.44002918962705967,749
financeiro,RPAD3,ITSA3,-3.1521690931221076,0.022925695171141656,0.8291869257616511,749
energia_eletrica,ENMT4,CMIG4,-3.1511410593531197,0.02299281484849316,-0.32216712714344425,749
financeiro,CGRA3,SANB4,-3.150078500806834,0.023062367133318842,1.9070184542331416,749
financeiro,IRBR3,ITSA4,-3.149770277890541,0.02308257659836873,-1.3044552430965726,749
mineracao_siderurgia,USIM6,BRAP3,-3.1494584664615144,0.02310303693081468,0.3308667764842521,749
mineracao_siderurgia,GOAU3,PMAM3,-3.1492089999227386,0.023119417625955926,-0.034829369889632956,749
energia_eletrica,ENGI4,RNEW3,-3.148078845851195,0.023193752644668546,-0.17604771611023037,749
energia_eletrica,LIGT3,TAEE11,-3.147402828081111,0.023238315864729013,0.3769880221429929,749
mineracao_siderurgia,GOAU3,FESA4,-3.1454358195894483,0.02336840257582448,0.08478449505510625,749
energia_eletrica,LIGT3,TAEE3,-3.1453703770574277,0.023372741364463892,1.1024788363721665,749
energia_eletrica,RNEW4,ALUP3,-3.1425135295919433,0.02356282769754358,-0.8855921608004137,749
industria,INEP3,POMO3,-3.1420830796327017,0.023591584019595047,-0.9757570040786211,749
financeiro,ITSA4,CXSE3,-3.1420449802282495,0.02359413071962589,0.2928348628317598,749
energia_eletrica,ENMT4,COCE3,-3.140589048427198,0.023691628434285704,0.045988965297955424,749
financeiro,PSSA3,BSLI3,-3.1400781297539027,0.023725924896158847,-0.8554195836677257,749
financeiro,B3SA3,ITUB3,-3.1383896169413292,0.023839574850353772,-0.07336313019286354,749
financeiro,BSLI3,BMEB4,-3.138316814873632,0.02384448554059706,-0.36250711583631234,749
industria,ETER3,FRAS3,-3.138016517996385,0.02386475058114531,-0.614410663009494,749
financeiro,BPAC11,PINE4,-3.137665471308717,0.023888459232867792,3.49862068030178,749
agro_alimentos,CAML3,AGRO3,-3.137214004612137,0.023918979833668627,0.15061466545001453,749
financeiro,B3SA3,IRBR3,-3.134876476778432,0.024077542961965993,0.02714100937840912,749
mineracao_siderurgia,USIM6,PMAM3,-3.1346033826463255,0.02409612697273646,0.6881544231427275,749
financeiro,BSLI3,BAZA3,-3.1339946438857473,0.024137596081796584,-0.22461841424547715,749
agro_alimentos,SLCE3,ABEV3,-3.133430410361005,0.024176088320506245,0.5691890051768566,749
energia_eletrica,ENGI4,RNEW4,-3.1329109722466146,0.024211571392856634,-0.16594375399182812,749
financeiro,IRBR3,ITSA3,-3.1314158814367996,0.024313952572504415,-1.5891466013999522,749
energia_eletrica,ALUP11,TAEE3,-3.131061068485604,0.024338304273401886,-1.2294548575495052,749
energia_eletrica,TAEE4,CBEE3,-3.1310011185979096,0.02434242086030353,0.16172479636714943,749
industria,AERI3,TGMA3,-3.1291861618964405,0.024467333251941403,-5.235841795983406,749
financeiro,CGRA4,WIZC3,-3.1290431477918332,0.024477199482357916,2.4335806589229314,749
mineracao_siderurgia,GOAU3,USIM6,-3.128456077088503,0.02451773614700893,-0.02454870706037265,749
financeiro,IRBR3,WIZC3,-3.128439509115152,0.024518880988569657,7.576661167707555,749
industria,ETER3,VLID3,-3.128309286287212,0.02452788094794404,-0.5008535487440184,749
oleo_gas,PETR3,BRAV3,-3.126818812584095,0.024631093513105513,-0.303090897825034,749
financeiro,BBSE3,CGRA3,-3.1250801533367727,0.024751965180530147,-0.8323005257312258,749
financeiro,IRBR3,BRSR6,-3.1248756783255023,0.02476621381792787,-0.9407713527744797,749
industria,INEP4,VLID3,-3.124024463590519,0.024825605826442637,-0.2668414175776554,702
industria,INEP3,POMO4,-3.123422415149862,0.024867686728956173,-0.7197539653481605,749
financeiro,SANB11,SANB4,-3.12336926638364,0.02487140457548812,1.9562355113619254,749
energia_eletrica,TAEE3,EQPA7,-3.1215420097067073,0.024999515754033825,-0.7449767145292635,749
financeiro,BRSR6,PINE4,-3.121319075227866,0.02501518478303067,0.6549432702591399,749
energia_eletrica,EGIE3,CGAS3,-3.1209189207581205,0.025043330992944302,-0.05761533564414117,749
oleo_gas,PETR3,OSXB3,-3.1200602677970615,0.025103819272756588,-1.8993961759606557,749
mineracao_siderurgia,GGBR4,VALE3,-3.1197019156409684,0.025129100760461383,0.15019215638048128,749
financeiro,SANB11,B3SA3,-3.1187131512961654,0.025198971066756344,1.0175370730244069,749
energia_eletrica,ALUP11,RNEW4,-3.1181562417528066,0.025238398231581305,-1.6052338999923021,749
energia_eletrica,ENGI4,CEBR5,-3.117481437105179,0.025286243067167268,0.06580479391882899,749
oleo_gas,PETR3,UGPA3,-3.116633070708447,0.025346504460795404,0.6256999108790532,749
agro_alimentos,AGRO3,JALL3,-3.11598530824077,0.02539259965620009,1.4196103282796615,749
financeiro,BMIN4,BAZA3,-3.1153375003610577,0.02543877019253886,0.027470522422172874,749
oleo_gas,PETR3,DEXP4,-3.1148128780841753,0.02547621395654317,1.9789183126102354,749
energia_eletrica,ALUP11,REDE3,-3.1141108585667983,0.02552639321654086,1.8094309738389114,749
financeiro,B3SA3,BNBR3,-3.1138766406015694,0.025543153652473612,-0.019819252486902084,749
industria,AERI3,ROMI3,-3.113170754785953,0.02559372349174793,-1.0064357852925419,749
financeiro,BPAC3,BMIN3,-3.112885756041345,0.02561416525933087,0.2570311507089414,749
industria,TGMA3,LUPA3,-3.1127924986631603,0.025620857268939548,-2.9449907080421345,749
financeiro,BPAC11,BMIN4,-3.1125510412528143,0.02563819087670596,1.6350952735801867,749
industria,TUPY3,KEPL3,-3.1124844937745015,0.02564296992158975,1.56508656037716,749
energia_eletrica,ENGI4,ENGI3,-3.108422176557726,0.02593615559463229,0.2770292692414841,749
mineracao_siderurgia,CSNA3,USIM5,-3.1066337895031535,0.026066137605509413,1.5608703591433826,749
financeiro,IRBR3,PINE4,-3.106623266755174,0.026066904064021408,-3.0400096652144306,749
energia_eletrica,REDE3,CGAS5,-3.106522441381074,0.02607424898910923,-0.03419576008232738,749
energia_eletrica,CEBR6,RNEW4,-3.106278248533016,0.02609204531369127,-2.671611303820103,749
financeiro,PINE4,BPAC5,-3.1060012862100392,0.02611224244549508,0.7517795930272603,749
financeiro,BRSR6,BBAS3,-3.103017692808985,0.026330670234641293,0.25109836870171676,749
energia_eletrica,AURE3,COCE5,-3.102912931072246,0.026338368230417752,0.16300240713763833,691
energia_eletrica,CMIG3,ENGI3,-3.0996040916636955,0.026582501349638455,-0.28201953167458366,749
energia_eletrica,ALUP4,EQPA6,-3.0987322179732977,0.026647152400769397,-0.43699878474905784,749
mineracao_siderurgia,CMIN3,FESA4,-3.097302094882026,0.026753490853527174,-0.20539457005519565,749
industria,TUPY3,AERI3,-3.0967106693399433,0.026797573278571296,-0.05797595259528254,749
financeiro,ITSA3,CXSE3,-3.0928953164010524,0.027083454166656157,0.2637768843560126,749
financeiro,B3SA3,ITUB4,-3.0925081885812373,0.027112606886051268,-0.053896225389901305,749
financeiro,ITSA3,RPAD5,-3.091838963070171,0.027163066466249258,0.5913900201639389,749
mineracao_siderurgia,GOAU3,BRAP4,-3.0889624159685702,0.027380875682011044,0.03563793470865651,749
financeiro,RPAD3,INBR32,-3.0879552888197837,0.02745748720979864,0.0720586013671621,585
energia_eletrica,ALUP3,CEBR3,-3.087938214280254,0.027458787640781118,0.13758647376014957,749
oleo_gas,OSXB3,DEXP4,-3.0876897969930837,0.027477713565887612,-0.4504866484868871,749
mineracao_siderurgia,USIM6,USIM3,-3.0874040487490366,0.02749949740725267,0.629418381259441,749
agro_alimentos,JALL3,SMTO3,-3.0873877733223827,0.027500738599562372,0.15846908407984847,749
energia_eletrica,ENGI4,LIGT3,-3.0850489274747277,0.027679602711798694,0.06042747013219375,749
financeiro,BBSE3,BMEB4,-3.0830814138333054,0.02783083966034413,0.21032981444052223,749
financeiro,BNBR3,PINE4,-3.082629146486781,0.027865703934839673,11.112954486086814,749
financeiro,CGRA3,SANB11,-3.081844463489763,0.027926282090355352,0.94752578996737,749
agro_alimentos,SLCE3,TTEN3,-3.0817479327080903,0.027933742124301594,-0.3205265762814565,749
energia_eletrica,ALUP11,TAEE11,-3.081432121766627,0.027958160355250568,-0.40513520160512023,749
energia_eletrica,RNEW3,ALUP3,-3.0801175529935874,0.028059998061688556,-1.009151090803675,749
financeiro,ITUB4,BMIN4,-3.08005192028365,0.0280650908396286,1.08370734552136,749
financeiro,SANB4,CGRA4,-3.078386593966467,0.028194576913317188,0.2355039349061968,749
energia_eletrica,CMIG4,TAEE11,-3.0772819336616943,0.02828075051551359,-0.1855670172158366,749
mineracao_siderurgia,GOAU3,BRAP3,-3.0763715979647634,0.02835193423925203,0.04751419228446064,749
energia_eletrica,CMIG3,CGAS5,-3.076091477302773,0.02837386908726154,0.05701511899268049,749
energia_eletrica,ALUP3,CPLE3,-3.0759689578606046,0.028383467532726234,0.6293958441468437,749
financeiro,PINE4,ITUB4,-3.0752232501158536,0.028441947833506332,0.3406717120171569,749
energia_eletrica,EQTL3,ALUP4,-3.074844428118935,0.02847169546010823,4.5667931558275034,749
mineracao_siderurgia,FESA3,USIM5,-3.0747803614339437,0.028476729031882052,-0.15244029732153253,749
energia_eletrica,ENGI4,EQPA5,-3.0736239801832173,0.028567714125328124,0.14275749695280687,749
financeiro,CGRA4,BPAC5,-3.072660504739838,0.028643710883265543,-1.2556183068745657,749
energia_eletrica,CMIG3,TAEE11,-3.069633361141096,0.02888361035669743,-0.1610064206116153,749
financeiro,CGRA3,SANB3,-3.069623469815275,0.028884397043778768,1.9493741328595426,749
financeiro,ITSA3,BMEB3,-3.068774850879735,0.02895195846056152,0.08507378052292133,749
industria,RAIL3,JSLG3,-3.067489302135486,0.02905456243210981,0.8319121515791141,749
financeiro,SANB3,CGRA4,-3.066028103972468,0.029171562488928958,0.22473212449393065,749
mineracao_siderurgia,GOAU3,VALE3,-3.064817513783553,0.02926880050176368,0.013370885705017458,749
industria,MYPK3,ETER3,-3.064236088891581,0.029315600455166617,0.20118889107555163,749
financeiro,BAZA3,CXSE3,-3.062051754000415,0.02949199270606291,6.777485936852106,749
financeiro,B3SA3,BBAS3,-3.061211772303627,0.029560064677516082,-0.05099100570965963,749
financeiro,IRBR3,CXSE3,-3.0609550793284077,0.02958089375424864,-1.442225055618451,749
energia_eletrica,ALUP3,REDE3,-3.0607249857308902,0.02959957509360841,0.6760811109903893,749
mineracao_siderurgia,GOAU4,FESA4,-3.060719690598493,0.0296000051247768,0.21132515582382932,749
industria,RAPT3,RAIL3,-3.059508156076546,0.029698537138047917,0.13882402549226536,749
energia_eletrica,ALUP11,TAEE4,-3.057766224407809,0.0298406956088493,-1.220522206923732,749
energia_eletrica,CEBR6,REDE3,-3.057439090116015,0.029867457545185987,4.604796023059653,749
industria,MYPK3,AERI3,-3.0561495278899633,0.029973152420521964,0.020462688176515285,749
financeiro,ITSA3,RPAD3,-3.0552251896445948,0.03004910890514214,0.729752395325189,749
financeiro,B3SA3,BMIN3,-3.0551113729497503,0.030058473002195427,0.07753931779956375,749
energia_eletrica,EMAE4,ALUP4,-3.0541145845860704,0.030140588584383402,4.419425507415275,749
energia_eletrica,EMAE4,EQPA5,-3.0534942138853403,0.030191791271140023,4.591160842137386,749
energia_eletrica,CEBR6,RNEW3,-3.053432284024713,0.030196906757589334,-2.5269741797388363,749
energia_eletrica,EQPA5,ALUP4,-3.0531847093896824,0.030217364120160753,0.6273655002410367,749
industria,KEPL3,MYPK3,-3.0526761190260467,0.030259426545378627,-0.12390936890030767,749
energia_eletrica,CMIG3,TAEE4,-3.049215199363618,0.030546984958270677,-0.492265047996527,749
financeiro,CGRA4,PABY11,-3.0490980220655377,0.030556761489151433,-0.3467167155231532,749
oleo_gas,PETR4,DEXP4,-3.0490064779113246,0.030564401206668656,2.313339778062586,749
mineracao_siderurgia,GGBR4,FESA4,-3.0477709845591203,0.030667667148749748,0.6680057991902268,749
financeiro,CXSE3,ITUB3,-3.046359745507118,0.03078598565078154,0.8683785497565641,749
mineracao_siderurgia,USIM6,FESA4,-3.043327399525936,0.031041532777037348,0.460530851114661,749
financeiro,CGRA3,BBSE3,-3.0413363396442255,0.031210306434093234,-0.68904833761812,749
energia_eletrica,LIGT3,ENGI11,-3.0390772115908438,0.03140274748800419,0.17743642556175263,749
energia_eletrica,ALUP4,EMAE4,-3.0377096153257233,0.03151973393628375,0.016941692081836716,749
oleo_gas,BRAV3,PETR3,-3.037359706215477,0.03154972518077657,-0.6459214012996374,749
financeiro,IRBR3,BPAC11,-3.0371672286619265,0.03156623306300442,-0.4006046680991373,749
energia_eletrica,CMIG4,TAEE3,-3.0363014628704845,0.03164057645948201,-0.5508305221578026,749
industria,INEP4,FRAS3,-3.0361341084613884,0.03165496434532394,-0.31642540146166226,702
energia_eletrica,CMIG4,TAEE4,-3.036051564686394,0.03166206289130741,-0.5620894726031657,749
energia_eletrica,ALUP3,TAEE11,-3.0353870280355535,0.03171926057346165,-0.15026389997342396,749
financeiro,CGRA3,PINE4,-3.03537420854074,0.031720364829409486,-1.9734540891008656,749
financeiro,IRBR3,BBSE3,-3.035236043014237,0.0317322683156167,-3.2165254641480323,749
energia_eletrica,RNEW3,CEBR6,-3.033575234382281,0.03187565051928755,-0.21163511267433052,749
financeiro,CGRA3,BSLI3,-3.0324310400968018,0.031974751792145005,0.5690853725445183,749
industria,FRAS3,VLID3,-3.032029189596329,0.03200961900249795,0.6436612479127305,749
energia_eletrica,TAEE3,CPLE3,-3.028612357879364,0.03230739225890801,-0.46849482153977223,749
mineracao_siderurgia,GOAU4,BRAP3,-3.0285782805877557,0.03231037385836724,0.14523426249286528,749
financeiro,ITSA4,BMEB3,-3.026815085916502,0.032464963852058396,0.0928178994034537,749
energia_eletrica,CMIG4,ALUP3,-3.026315307919815,0.03250889639906851,1.1321987203370345,749
financeiro,SANB4,B3SA3,-3.0250143693551004,0.032623490818690565,0.5349340533050314,749
industria,RAPT3,VLID3,-3.024637772590066,0.032656727578665126,0.06872834989492312,749
energia_eletrica,CBEE3,LIGT3,-3.0227068886701947,0.03282759022708127,1.2359238170077247,749
energia_eletrica,CPLE3,ALUP3,-3.022082135676361,0.03288303624059757,1.2311515060535534,749
energia_eletrica,CEBR6,CPLE3,-3.0220669914112364,0.032884381259270026,2.3446591569015287,749
financeiro,IRBR3,RPAD6,-3.0208869231917226,0.032989331012956216,-5.4680325182768055,749
energia_eletrica,TAEE4,EQPA5,-3.0194774415205567,0.033115055611654017,-0.7134550707252435,749
financeiro,CGRA3,BBAS3,-3.0190124597835997,0.03315662055722467,-0.6317655888683829,749
energia_eletrica,ENGI4,CEBR3,-3.0188249543887204,0.033173394258290786,0.04990572111237456,749
financeiro,CGRA4,CXSE3,-3.0179297237622587,0.03325357818731841,-0.7022150399989767,749
industria,INEP4,PTBL3,-3.017855947989196,0.03326019344489674,0.7164977488758872,702
energia_eletrica,CEBR6,CGAS3,-3.0173439291942774,0.033306135393332346,-0.20931670281550743,749
industria,INEP3,VLID3,-3.0156238658843217,0.03346086541164896,-0.27386231036821856,749
financeiro,BPAC3,PINE4,-3.0153838888366784,0.03348250109672908,1.153906969363145,749
energia_eletrica,ALUP3,TAEE4,-3.015254921083871,0.03349413337514464,-0.45261246948745715,749
energia_eletrica,RNEW4,ALUP4,-3.0148326124446774,0.0335322475573869,-0.948158228505991,749
industria,POMO3,LUPA3,-3.014683589738811,0.03354570591089351,-0.9021201319857919,749
financeiro,IRBR3,BPAC5,-3.0144719359213297,0.03356482838738044,-2.375759392269433,749
energia_eletrica,REDE3,AURE3,-3.0140110456073317,0.033606500785493015,-0.24002780213810815,691
financeiro,WIZC3,BPAC11,-3.0126871073076606,0.03372645122333109,-0.07949096948709447,749
energia_eletrica,CBEE3,COCE5,-3.0125037687342173,0.03374309045276119,0.27987101777254614,749
mineracao_siderurgia,CSNA3,BRAP4,-3.0121564540202606,0.03377463068564843,0.7636371940972877,749
energia_eletrica,CBEE3,EQPA5,-3.0113339321870725,0.03384942479379663,-2.6572616551087584,749
energia_eletrica,CEBR3,CGAS3,-3.0097615673546336,0.03399279419643407,-0.20614669879433886,749
mineracao_siderurgia,FESA3,CSNA3,-3.0095765411202238,0.03400969875834778,-0.07338330049722275,749
industria,PLAS3,RAIL3,-3.009187544325889,0.03404526188526353,-0.23281506132091226,749
financeiro,BRSR5,PABY11,-3.0076502201100763,0.03418611611498489,0.053026460816540257,749
industria,POMO4,LUPA3,-3.0075822195140978,0.0341923578964748,-1.2291479901789004,749
financeiro,BRSR6,RPAD6,-3.0070108539039477,0.03424484167898076,0.4821315441683232,749
energia_eletrica,EQPA5,RNEW3,-3.006014146170703,0.03433655905290274,-0.43057084373404,749
energia_eletrica,EQPA5,CBEE3,-3.0057546723925874,0.03436046995458183,-0.14059756427702022,749
financeiro,BPAC3,ITSA3,-3.0041660395914542,0.03450717197047441,1.972546775969344,749
financeiro,SANB4,SANB11,-3.003686144165223,0.03455159179680838,0.5052426964702325,749
industria,KEPL3,PLAS3,-3.003559051727145,0.03456336374930527,-0.17311798287128782,749
oleo_gas,DEXP3,PRIO3,-3.0016172439738327,0.03474364580758908,0.10666226137508932,749
oleo_gas,BRAV3,RECV3,-3.001464175365515,0.03475789077709837,1.1926884432488636,749
energia_eletrica,CMIG3,TAEE3,-3.0008395033055564,0.03481607557066022,-0.45324630844396885,749
energia_eletrica,ENGI11,CPFE3,-3.0007625335059713,0.0348232505770854,1.1087167701936778,749
mineracao_siderurgia,GOAU4,CMIN3,-2.999330042114496,0.03495701329797637,-0.15319525583569926,749
oleo_gas,PETR4,RECV3,-2.9982878883139383,0.035054599612094416,-0.5391584211752815,749
industria,VLID3,FRAS3,-2.998053607192149,0.035076569113990146,1.1989370985594916,749
energia_eletrica,CBEE3,AURE3,-2.9968075120061965,0.035193615990515285,0.9639743450288429,691
energia_eletrica,LIGT3,ENGI3,-2.9967455818428372,0.035199441737022365,0.41322568555250677,749
financeiro,B3SA3,ABCB4,-2.9960117045904884,0.03526853927867003,-0.052684005882586725,749
mineracao_siderurgia,GGBR3,FESA3,-2.9946696346413715,0.03539519673068518,0.3008550836330175,749
energia_eletrica,ENGI4,CGAS5,-2.9943947654830407,0.035421184719849286,-0.014077574301172041,749
financeiro,SANB4,CGRA3,-2.993918823882768,0.03546622152683832,0.20667087045358384,749
energia_eletrica,RNEW3,EQTL3,-2.9929835267878753,0.035554866400771684,-0.2020313265754835,749
financeiro,INBR32,PINE4,-2.9920747409598385,0.03564117754494685,6.689242865005103,585
mineracao_siderurgia,GOAU3,FESA3,-2.9911816058228236,0.03572617437100637,0.18637674409216828,749
energia_eletrica,EQPA7,CMIG4,-2.989874805424333,0.0358508463475635,0.3224755485157953,749
energia_eletrica,CBEE3,ALUP4,-2.9892936732325874,0.035906405491235374,-3.8277042370280423,749
energia_eletrica,CEBR5,ALUP3,-2.9888558291675187,0.035948313498143446,2.2106597663945657,749
energia_eletrica,RNEW4,CMIG4,-2.98787805392187,0.03604204957123762,-0.5748082538947731,749
energia_eletrica,EQPA7,LIGT3,-2.986825269955871,0.036143206677508435,-0.19839839138944176,749
energia_eletrica,REDE3,EQPA6,-2.985316989845688,0.036288547048533126,-0.3160959787941071,749
financeiro,SANB11,PSSA3,-2.985229143381812,0.036297027229237916,-0.18591357701426886,749
mineracao_siderurgia,GOAU4,BRAP4,-2.98502879581464,0.03631637384919041,0.1125456722518216,749
financeiro,BRSR6,BBSE3,-2.9838519707504303,0.0364301897228307,0.10386254450095786,749
energia_eletrica,LIGT3,EGIE3,-2.981364482858442,0.036671754203689406,0.2988268352487848,749
energia_eletrica,ENGI11,EMAE4,-2.98029903576997,0.03677563338471772,0.11803659010080868,749
financeiro,BPAC5,BNBR3,-2.979714648275272,0.03683271520615008,0.09025243274754657,749
energia_eletrica,ALUP4,CBEE3,-2.979513318345813,0.0368523979772077,-0.15504753233565463,749
financeiro,BPAC3,ITSA4,-2.9786338632886236,0.03693848061115718,1.8048063647908905,749
oleo_gas,PRIO3,OSXB3,-2.976045784759865,0.03719278836256454,-4.521631286798177,749
energia_eletrica,CBEE3,COCE3,-2.975419007735822,0.037254597216474616,0.2109718463788445,749
energia_eletrica,EQPA7,COCE3,-2.9735905039255335,0.03743540659424981,-0.040967278744951735,749
energia_eletrica,ENGI4,EQPA6,-2.97240688534582,0.03755284010936318,-0.10066379201455684,749
financeiro,ITUB4,BMEB4,-2.972123089209882,0.03758104310200365,0.2939174603763894,749
mineracao_siderurgia,USIM6,BRAP4,-2.971566590227725,0.03763639833535913,0.24089864710801384,749
mineracao_siderurgia,GOAU4,VALE3,-2.971101196225326,0.03768274390030637,0.04288572170196652,749
energia_eletrica,ALUP4,REDE3,-2.970745929200713,0.03771815489887476,0.5408419720139134,749
financeiro,IRBR3,ITUB3,-2.9701410985727623,0.03777850528976253,-1.0622646834068725,749
industria,MYPK3,INEP3,-2.9701216612300296,0.03778044610490292,0.15015773608348948,749
industria,AERI3,PLAS3,-2.969334589680546,0.03785910544655713,12.408624977785202,749
energia_eletrica,CEBR5,CGAS3,-2.9689361693269736,0.0378989756882907,-0.1620923822526152,749
energia_eletrica,EQTL3,TAEE3,-2.967826365196366,0.03801022063098842,-2.149117188517326,749
financeiro,BMIN4,ABCB4,-2.966840981377785,0.03810922356374649,0.18276881815244983,749
industria,AERI3,RAPT4,-2.9660535677621347,0.038188491678606086,-1.6916699126920445,749
energia_eletrica,RNEW4,CEBR3,-2.965188260985372,0.038275760785838976,-0.17956996392278782,749
oleo_gas,RECV3,OSXB3,-2.9648441639722543,0.038310510613308923,1.7451726274156276,749
financeiro,ITUB3,BMIN4,-2.9624773529972344,0.038550249254403715,0.9987482813337912,749
oleo_gas,PETR3,DEXP3,-2.9614628617197836,0.03865339359820582,1.9188352466506726,749
energia_eletrica,ENGI4,ALUP4,-2.9606503748121606,0.03873616678026547,0.45015821354736907,749
energia_eletrica,CBEE3,CMIG4,-2.9598345174759215,0.03881943284365294,-2.0831135180266194,749
energia_eletrica,CPLE3,CGAS3,-2.9597259264813003,0.03883052690419025,-0.06408228432064053,749
mineracao_siderurgia,USIM5,CBAV3,-2.9592179071630262,0.03888246336421712,0.3846644401591086,749
mineracao_siderurgia,GGBR3,FESA4,-2.958456843559273,0.038960378325468045,0.3224433725828738,749
financeiro,ABCB4,BNBR3,-2.9580874684250174,0.03899824077490356,0.1458897753601761,749
oleo_gas,RECV3,BRAV3,-2.9569407273999135,0.039115982932333274,0.4475217396271987,749
financeiro,BAZA3,WIZC3,-2.9567615810210213,0.039134403745605915,-15.23288805894504,749
agro_alimentos,TTEN3,JALL3,-2.955932550808213,0.03921974386227065,-0.4520388026913911,749
energia_eletrica,EQPA5,EQTL3,-2.953753066751334,0.03944484333949949,0.10920760758881794,749
mineracao_siderurgia,BRAP3,PMAM3,-2.952789199709054,0.0395447370991809,1.1320121176314044,749
mineracao_siderurgia,USIM3,VALE3,-2.9527873250206875,0.03954493159533705,0.1249355257986431,749
mineracao_siderurgia,USIM6,USIM5,-2.9514643655107204,0.03968238657438249,0.5109871256872106,749
industria,MYPK3,LUPA3,-2.9514258133683287,0.03968639811719524,0.291386289327014,749
energia_eletrica,CPLE3,CEBR6,-2.9511860959888874,0.03971134952594106,0.23526174897089716,749
energia_eletrica,EMAE4,ALUP11,-2.950523982722188,0.03978033499554404,1.2510546419436182,749
industria,KEPL3,AERI3,-2.950190206920682,0.03981514905035389,-0.02128905256532366,749
financeiro,WIZC3,ITSA3,-2.9491450450213734,0.03992432829508127,-0.4323422274926015,749
financeiro,WIZC3,ITSA4,-2.947813806466126,0.040063754212154815,-0.40056272839971135,749
financeiro,B3SA3,PINE4,-2.9447038765982527,0.040391057447795496,-0.24527199106547648,749
financeiro,WIZC3,ITUB4,-2.942229085999618,0.04065311045078773,-0.11573802653765144,749
mineracao_siderurgia,USIM3,USIM6,-2.9378920147512333,0.04111578497954476,0.6207501815662587,749
industria,KEPL3,RAPT3,-2.9373047285271228,0.041178772820051154,-0.21675154934995325,749
energia_eletrica,EMAE4,CGAS3,-2.9364146535065005,0.04127438904212743,-0.20857967380047931,749
financeiro,BBSE3,PSSA3,-2.9349951830984766,0.0414272589396356,0.5355475277886098,749
financeiro,IRBR3,ABCB4,-2.934080964223006,0.041525965709192016,-2.3650982071274553,749
financeiro,SANB3,B3SA3,-2.9328795788740782,0.04165597569797795,0.4778837082660466,749
energia_eletrica,EQTL3,RNEW3,-2.9321057544148763,0.041739896107349954,-2.746991508988625,749
mineracao_siderurgia,PMAM3,BRAP4,-2.931790570708201,0.0417741178255873,0.3665808177286972,749
financeiro,IRBR3,BAZA3,-2.9316127051622227,0.04179344026952424,-0.32243344346131286,749
financeiro,WIZC3,ITUB3,-2.9316051205519957,0.04179426439020196,-0.13325434359940108,749
financeiro,BRSR5,BMIN3,-2.9299383803926466,0.041975696329008924,0.2565280142699543,749
financeiro,B3SA3,RPAD6,-2.9285801692777893,0.04212402869088261,-0.2628254113406059,749
financeiro,SANB3,CGRA3,-2.927898374037216,0.042198653170036106,0.19529219746359897,749
financeiro,SANB3,WIZC3,-2.9265780936301713,0.042343474983157395,0.7363452943695271,749
energia_eletrica,EQPA5,EMAE4,-2.924259297218304,0.04259882648097681,0.022989549686650353,749
financeiro,BRSR5,BMEB4,-2.9241337972564883,0.04261268334787914,-0.02213814952358511,749
financeiro,B3SA3,WIZC3,-2.9238130037144034,0.04264812028836325,0.5248840768007825,749
financeiro,BSLI4,CGRA3,-2.923338168078904,0.042700618764195244,0.7541519193175239,742
industria,RAPT4,SHUL4,-2.9233325293182126,0.04270124251643043,0.8401288560158636,749
financeiro,CGRA3,PSSA3,-2.9232584942752466,0.042709432878552334,-0.455995264429275,749
financeiro,BSLI3,BNBR3,-2.9231000773858384,0.042726962644958996,-0.2537895798892969,749
energia_eletrica,CEBR3,EQPA6,-2.9229489465236558,0.04274369175278115,-2.33215399813194,749
energia_eletrica,CPLE3,EQPA6,-2.9220639654410068,0.04284176234571931,-0.7153427189742044,749
oleo_gas,PETR4,UGPA3,-2.9211025376148645,0.04294851671991065,0.7188063639426747,749
financeiro,IRBR3,RPAD3,-2.920012174177078,0.04306985560295932,-6.872687335244809,749
financeiro,ITUB4,BAZA3,-2.9199413790946864,0.04307774374241631,0.14235034682393274,749
agro_alimentos,AGRO3,SLCE3,-2.919539089562964,0.0431225905301946,1.1242095002848131,749
financeiro,B3SA3,BRSR3,-2.9186311144280577,0.043223953383908775,0.5569423406422729,749
financeiro,B3SA3,ITSA3,-2.917847199043674,0.04331162605027202,-0.039275925043224594,749
energia_eletrica,ALUP11,EQTL3,-2.917165529987752,0.043387983731519676,0.49875212946780645,749
financeiro,BRSR6,IRBR3,-2.9160737947206803,0.04351050851261013,-0.00846159254496557,749
financeiro,BSLI3,INBR32,-2.9155497936950407,0.043569418931947254,-0.24383299388498647,585
energia_eletrica,EMAE4,CPLE3,-2.915360564742469,0.04359070914528285,3.0392331007340245,749
financeiro,B3SA3,PABY11,-2.914238740248618,0.04371710369767053,0.014214502397346396,749
mineracao_siderurgia,GGBR3,CMIN3,-2.913709822475002,0.043776801784297985,-0.10578525951746676,749
mineracao_siderurgia,GGBR3,USIM6,-2.9132210487299925,0.04383202909936357,0.08478534309476157,749
financeiro,BBAS3,WIZC3,-2.9122937631398553,0.043936963681401896,-2.6767622121469183,749
agro_alimentos,TTEN3,SLCE3,-2.911526978323054,0.04402389307316933,-0.27022416694811296,749
energia_eletrica,LIGT3,EQPA7,-2.910466488090535,0.0441443548748916,-1.4624550604612776,749
energia_eletrica,EQTL3,CEBR6,-2.9095211150988023,0.044251971119656494,0.6680043049779739,749
agro_alimentos,SLCE3,SMTO3,-2.9069176790124978,0.04454945902686919,0.12751316589343706,749
financeiro,ITSA3,BMEB4,-2.9068097295308033,0.04456182988938752,0.07075790457721587,749
financeiro,BRSR3,BPAC3,-2.905955897303031,0.04465977838564599,0.38216178961423913,749
energia_eletrica,EGIE3,CGAS5,-2.90442437036587,0.04483591715047833,-0.07604884292569057,749
financeiro,WIZC3,CGRA4,-2.904241840940939,0.04485694798724885,0.20890393190867174,749
agro_alimentos,AGRO3,BEEF3,-2.9038489578327686,0.04490224330507771,0.5064287154364417,749
energia_eletrica,EQTL3,TAEE11,-2.9033360791891134,0.04496142993761318,-0.7076605307343615,749
energia_eletrica,CEBR5,EQPA6,-2.9031920556479283,0.04497806200860663,-1.813148151069411,749
energia_eletrica,CEBR5,CPLE3,-2.902913348717422,0.04501026202646684,1.7716986143783755,749
financeiro,PINE4,ITSA4,-2.901806471308215,0.045138332355720547,1.238555333692815,749
financeiro,B3SA3,ITSA4,-2.901488068570152,0.04517522878853599,-0.019863878385077135,749
energia_eletrica,COCE5,EQPA7,-2.9007164013602704,0.04526475314344769,-8.486844107114235,749
oleo_gas,PETR4,DEXP3,-2.8982532910560153,0.045551493317136316,2.2655875183807908,749
oleo_gas,LUXM4,BRAV3,-2.8965951828232392,0.04574536640990478,0.1556082135873875,749
industria,AERI3,PTBL3,-2.8959509694277683,0.0458208747145232,9.91830545324645,749
financeiro,BPAC3,ABCB4,-2.8951846984950715,0.04591082376938007,0.5788335943674215,749
financeiro,PINE4,ITUB3,-2.8948551845216914,0.04594954884467985,0.39259061654176747,749
energia_eletrica,ENGI4,ALUP3,-2.8947412872623723,0.045962940543763486,0.36282770009474746,749
financeiro,B3SA3,BPAC5,-2.894524166200191,0.0459884779403831,-0.009113397449615746,749
energia_eletrica,EMAE4,CBEE3,-2.8943384053408887,0.046010336128868734,-0.691888299758817,749
mineracao_siderurgia,GGBR4,PMAM3,-2.894282069374997,0.046016966792994336,0.5318209117918554,749
mineracao_siderurgia,USIM6,CSNA3,-2.894162694693927,0.04603101963963403,0.27609040156991455,749
mineracao_siderurgia,GGBR3,USIM5,-2.893568121341374,0.04610106603505077,-0.03475294508669978,749
financeiro,BRSR6,CGRA3,-2.8929969573018357,0.04616843765789548,-0.14206507305177266,749
energia_eletrica,ALUP11,EMAE4,-2.892994906916757,0.0461686796576677,0.046588542593798216,749
energia_eletrica,ENGI4,TAEE3,-2.8924619272251477,0.04623162100032462,-0.001674332222685598,749
industria,KEPL3,TGMA3,-2.8919771253678817,0.04628893452027859,0.1307214978183871,749
energia_eletrica,CBEE3,CEBR5,-2.891725560943727,0.04631869775566885,-0.37393459655899774,749
industria,PTBL3,MYPK3,-2.8912080516597154,0.04637997540862703,0.658711549657523,749
financeiro,BNBR3,ITUB4,-2.891039068874476,0.04639999897790647,4.010744360494082,749
industria,KEPL3,ETER3,-2.8905084456463275,0.04646292152811329,-0.15108396682276176,749
financeiro,B3SA3,BMIN4,-2.889236764614406,0.04661400779095677,-0.018017609397497525,749
financeiro,IRBR3,ITUB4,-2.8890180352666066,0.046640035562722434,-1.029937383617012,749
energia_eletrica,RNEW3,EQPA6,-2.8887694274659537,0.04666963332332808,0.6675762309353059,749
energia_eletrica,EQTL3,TAEE4,-2.888458419594021,0.046706681931794884,-2.1418442179672694,749
energia_eletrica,EQPA6,ALUP11,-2.887439558148796,0.04682822350654018,-0.40251077718339473,749
oleo_gas,OSXB3,DEXP3,-2.88675745050425,0.046909739228287686,-0.38907890546632157,749
mineracao_siderurgia,USIM6,VALE3,-2.8858270369675063,0.04702111798777019,0.08088922233925863,749
financeiro,B3SA3,BRSR6,-2.884610216228563,0.047167111967187654,0.3941543885491272,749
energia_eletrica,ENGI4,TAEE11,-2.8842957937858342,0.047204897159824455,0.0031948563974354524,749
energia_eletrica,ENGI4,ALUP11,-2.8840610307278873,0.04723312572296795,0.13916143485424184,749
oleo_gas,BRAV3,PRIO3,-2.8839296076948173,0.047248934481954226,-0.3391216017064537,749
financeiro,BRSR5,RPAD5,-2.8831689365500828,0.04734052082225887,-0.25532819374409144,749
energia_eletrica,ENGI4,TAEE4,-2.883080507060436,0.047351177419307784,0.011609540181100967,749
financeiro,SANB3,PSSA3,-2.8827465408656825,0.047391441405008346,-0.09048008307320643,749
energia_eletrica,EMAE4,CPFE3,-2.8813023709141024,0.047565880609081575,0.7202489651325877,749
industria,FRAS3,INEP3,-2.8809977479919637,0.047602743198762,-1.4401580781195977,749
financeiro,CGRA4,ITUB3,-2.880955541326877,0.04760785251073997,-0.5672866144158131,749
oleo_gas,BRAV3,UGPA3,-2.880806056783982,0.04762595194751553,-0.6662457601882628,749
financeiro,ITSA3,ITUB3,-2.880085052174557,0.047713330251508354,0.27500354879069494,749
industria,AERI3,POMO4,-2.8794341300351567,0.04779232890779722,-10.75359598294789,749
energia_eletrica,EQPA7,AURE3,-2.878873778196314,0.04786042201031195,-0.21068322144827806,691
industria,ETER3,WEGE3,-2.8777147585806366,0.048001518388023696,-0.27411733009381156,749
financeiro,IRBR3,BNBR3,-2.877229865786873,0.04806064985963369,-0.3074131002859943,749
agro_alimentos,TTEN3,AGRO3,-2.8769100291723264,0.04809968602202922,-0.1595645071259324,749
energia_eletrica,EMAE4,ALUP3,-2.8768345054233926,0.04810890753630696,2.881569064675281,749
industria,RAPT3,AERI3,-2.876750130863861,0.048119211466833796,0.009882382849193462,749
financeiro,BRSR6,PSSA3,-2.8743197819105424,0.04841679110594919,0.10724799346372302,749
industria,LUPA3,INEP4,-2.8730756325917874,0.04856971490839769,0.7011758692944768,702
energia_eletrica,ENGI4,COCE5,-2.8719894197983042,0.048703551365943294,-0.0014232082726868454,749
energia_eletrica,CMIG4,CBEE3,-2.871972569394471,0.048705629960531266,-0.20512546125565453,749
industria,AERI3,TUPY3,-2.8712662345409234,0.04879282622240954,-7.605235566893576,749
mineracao_siderurgia,GOAU4,PMAM3,-2.871214399827709,0.048799230223521575,0.09331516152482992,749
energia_eletrica,CBEE3,RNEW3,-2.869981822198067,0.04895171510287778,2.1147432491556164,749
financeiro,PINE4,BNBR3,-2.8699696215171056,0.0489532264353802,0.07576136698281735,749
industria,FRAS3,LUPA3,-2.8695872097543726,0.0490006163364494,-2.065416092332266,749
financeiro,BBSE3,PABY11,-2.8695345692223073,0.049007142706553944,0.34649051370117995,749
financeiro,BMEB3,ITUB3,-2.8672128903657375,0.049295697192576544,2.499981716923145,749
financeiro,RPAD6,CGRA4,-2.8668595449425425,0.04933973582773342,-0.364166342548912,749
financeiro,ITSA4,ITUB4,-2.865770889711442,0.04947562225254217,0.2645344108782142,749
financeiro,BRSR5,BMEB3,-2.8654624233458947,0.04951418111152649,-0.02031714165462206,749
energia_eletrica,CBEE3,CEBR6,-2.8653010788306292,0.04953435931900996,-0.36348539857256457,749
agro_alimentos,LAND3,SLCE3,-2.8652643985659694,0.04953894760197617,2.6437962239093187,749
financeiro,CGRA4,BMEB4,-2.865113727198296,0.04955779854152345,-0.17937853021868,749
mineracao_siderurgia,GGBR3,USIM3,-2.8649941324108084,0.04957276560017039,-0.010973732751145202,749
financeiro,BBSE3,BNBR3,-2.8624044531931063,0.049897772297763765,0.1474596608408806,749
mineracao_siderurgia,GGBR3,PMAM3,-2.8618056964772283,0.04997316561582791,0.07202522140674326,749
