data,PLAS3,INEP3,spread_observado,rho,var_mr,var_rw,mr_filtrado,rw_filtrado,std_mr,zscore_mr,sinal,prob_quebra,sinal_hibrido,sinal_luiz_ontem
2025-01-02 00:00:00+00:00,5.699999809265137,1.440000057220459,4.688978870445717,-0.999,1e-06,0.0785709696497153,-0.0083696564979264,4.697345219805805,0.0509575794017565,-0.1642475289483215,0,0.577337384223938,0,0
2025-01-03 00:00:00+00:00,5.989999771118164,1.440000057220459,4.978978832298744,-0.999,1e-06,0.0777954714136599,0.0243785269159743,4.95429097208481,0.0478433913171644,0.5095484714777788,0,0.5769341588020325,0,0
2025-01-06 00:00:00+00:00,5.989999771118164,1.4500000476837158,4.971957860531658,-0.999,1e-06,0.0780509640045095,-0.0221589741704332,4.994068739879878,0.0452435610022262,-0.4897707801855588,0,0.577568769454956,0,0
2025-01-07 00:00:00+00:00,5.989999771118164,1.3700000047683716,5.028125718364932,-0.999,1e-06,0.078049719846581,0.0226998976590974,5.005412025091915,0.0430242234103384,0.5276073769559949,0,0.5770052671432495,0,0
2025-01-08 00:00:00+00:00,5.989999771118164,1.309999942779541,5.070251632664034,-0.999,1e-06,0.07805698968538,-0.0189050556637392,5.089054487185681,0.041101102299625,-0.4599646872223113,0,0.5773212909698486,0,0
2025-01-09 00:00:00+00:00,5.989999771118164,1.3899999856948853,5.01408377483076,-0.999,1e-06,0.078055596604334,0.0151663282590193,4.999027884991972,0.0394136117853542,0.3847992501071675,0,0.5774848461151123,0,0
2025-01-10 00:00:00+00:00,5.989999771118164,1.3600000143051147,5.035146690132018,-0.999,1e-06,0.0780637392914304,-0.0132708586950479,5.048356840039444,0.0379175315128771,-0.3499926858514251,0,0.5779240727424622,0,0
2025-01-13 00:00:00+00:00,5.989999771118164,1.3600000143051147,5.035146690132018,-0.999,1e-06,0.0780637392914304,0.0123542794924305,5.022823923163882,0.0365791902624021,0.3377406499106907,0,0.5776687264442444,0,0
2025-01-14 00:00:00+00:00,5.989999771118164,1.340000033378601,5.049188633666191,-0.999,1e-06,0.0780537262057865,-0.0111065662323368,5.060248891101572,0.0353726402914847,-0.3139874813079918,0,0.5779203772544861,0,0
2025-01-15 00:00:00+00:00,6.0,1.4299999475479126,4.996000116644252,-0.999,1e-06,0.0774222226585271,0.0088202451666026,4.987271080369198,0.0342694660135906,0.2573791247025772,0,0.5782830119132996,0,0
2025-01-16 00:00:00+00:00,6.0,1.3700000047683716,5.038125947246768,-0.999,1e-06,0.0767246464550411,-0.007099536447387,5.045152365339948,0.0332547375245161,-0.2134894747598917,0,0.579127848148346,0,0
2025-01-17 00:00:00+00:00,6.0,1.3899999856948853,5.024084003712596,-0.999,1e-06,0.0767003767953881,0.00632885904942,5.017789780714689,0.0323247896801131,0.1957896435537731,0,0.5778570175170898,0,0
2025-01-20 00:00:00+00:00,5.800000190734863,1.340000033378601,4.85918905328289,-0.999,1e-06,0.0768647449545504,-0.0102275159311429,4.869604043506941,0.0314704742971116,-0.3249876641383072,0,0.5789138674736023,0,0
2025-01-21 00:00:00+00:00,5.5,1.350000023841858,4.55216789078094,-0.999,1e-06,0.0778676675725304,0.0023297667217634,4.550237643454599,0.030690181805981,0.0759124444583566,0,0.5773282051086426,0,0
2025-01-22 00:00:00+00:00,5.5,1.350000023841858,4.55216789078094,-0.999,1e-06,0.07828475396324,-0.0022302285996468,4.554392941970526,0.0299689775416222,-0.0744179075361976,0,0.5786290764808655,0,0
2025-01-23 00:00:00+00:00,5.5,1.3300000429153442,4.566209834315113,-0.999,1e-06,0.0782740207607951,0.0024372234415926,4.5637609243320725,0.0292964600814842,0.0831917383470147,0,0.5767050981521606,0,0
2025-01-24 00:00:00+00:00,5.5,1.559999942779541,4.404727399975547,-0.999,1e-06,0.0783646566651335,-0.0057026949836718,4.410621109764341,0.028668231930634,-0.198920358865176,0,0.5779619812965393,0,0
2025-01-27 00:00:00+00:00,6.0,1.4500000476837158,4.981958089413494,0.999,3.031601075588186,1e-06,0.5712989884634757,4.41064006824335,1.7414415391803626,0.3280609630641788,0,0.5746779441833496,0,0
2025-01-28 00:00:00+00:00,6.0,1.409999966621399,5.010042060178424,-0.999,1e-06,0.0804746777903253,-0.5439075910687798,5.552562289369381,0.0311963969260883,-17.434949053809845,1,0.5794190764427185,0,0
2025-01-29 00:00:00+00:00,6.0,1.440000057220459,4.98897906118058,0.999,0.1764378824358886,1e-06,-0.5635603849685046,5.552550892982544,0.4214334698077121,-1.3372463872545313,1,0.5769007205963135,1,1
2025-01-30 00:00:00+00:00,6.0,1.440000057220459,4.98897906118058,0.999,0.2579122061310153,1e-06,-0.563571604295069,5.552550888249135,0.5090006111016492,-1.1072120386561222,1,0.5778717994689941,0,1
2025-01-31 00:00:00+00:00,6.199999809265137,1.4299999475479126,5.195999925909389,0.999,0.6166970622604387,1e-06,-0.3565851221793017,5.552551581108898,0.7860454832464271,-0.4536443879895834,1,0.5845757126808167,0,1
2025-02-03 00:00:00+00:00,6.5,1.4199999570846558,5.503021088411338,-0.999,1e-06,0.0809680691505177,0.3455986489425742,5.157897309149523,0.0333385206027509,10.366346277346718,0,0.5885148048400879,0,1
2025-02-04 00:00:00+00:00,6.5,1.440000057220459,5.48897906118058,-0.999,1e-06,0.0804560714887883,-0.3276382507379149,5.815822408231206,0.0324426173386584,-10.099007959740124,1,0.5865402221679688,0,0
2025-02-05 00:00:00+00:00,6.5,1.4299999475479126,5.496000116644252,-0.999,1e-06,0.0804515457990842,0.311306239902459,5.185456610269084,0.0316153152850079,9.846690981762276,0,0.5883027911186218,1,1
2025-02-06 00:00:00+00:00,7.400000095367432,1.409999966621399,6.410042155545856,0.698839030165411,0.0186114810800562,0.0651242429106435,0.4381128760549828,5.970730783307233,0.1835210844807153,2.3872618086071755,-1,0.589303195476532,0,0
2025-02-07 00:00:00+00:00,7.400000095367432,1.4199999570846558,6.40302118377877,-0.999,1e-06,0.0867344506576229,-0.2597854642643988,6.662215082651655,0.0942948538257011,-2.755033320743019,0,0.5911906361579895,0,-1
2025-02-10 00:00:00+00:00,7.400000095367432,1.409999966621399,6.410042155545856,0.999,0.5612863044317623,1e-06,-0.2521754067250397,6.662216252757226,0.7552064593901181,-0.3339158498838701,0,0.5924713611602783,0,0
2025-02-11 00:00:00+00:00,7.400000095367432,1.4700000286102295,6.367916241246753,-0.999,1e-06,0.0859809192259171,0.1714106499802531,6.19695350611084,0.0799056472958124,2.1451631490536225,-1,0.5903645753860474,0,0
2025-02-12 00:00:00+00:00,7.400000095367432,1.5199999809265137,6.332811382411324,0.6215641217357604,1e-06,0.0630981236880503,0.1058616914010625,6.226904030286276,0.0493327969979252,2.145868425127297,-1,0.5928629040718079,0,-1
2025-02-13 00:00:00+00:00,7.400000095367432,1.6399999856948853,6.248559637509705,-0.999,1e-06,0.0501021481646655,-0.0954381239669883,6.343785527406212,0.0451240776172891,-2.1150155084925566,0,0.5936626195907593,0,-1
2025-02-14 00:00:00+00:00,7.400000095367432,1.5800000429153442,6.290685468112222,-0.999,1e-06,0.0498155666452629,0.0849797688456424,6.20596112147985,0.0418315597465278,2.0314750241340467,-1,0.5945001244544983,0,0
2025-02-17 00:00:00+00:00,7.400000095367432,1.5199999809265137,6.332811382411324,-0.0507460556618549,1e-06,0.0417314583230384,-0.0040315135510298,6.336543769057656,0.0025104924984674,-1.6058656034586594,0,0.5934168100357056,0,-1
2025-02-18 00:00:00+00:00,7.400000095367432,1.5099999904632568,6.33983235417841,-0.999,1e-06,0.0346851669777993,0.0040272412445055,6.335807229736637,0.0026996788208072,1.4917482825980417,-1,0.5934703350067139,0,0
2025-02-19 00:00:00+00:00,7.400000095367432,1.4900000095367432,6.353874297712581,-0.0828220784432654,0.0014685346045097,0.0331534314816062,0.000442598301473,6.353378868086774,0.0536203831083939,0.0082542920399941,-1,0.5942663550376892,0,-1
2025-02-20 00:00:00+00:00,7.400000095367432,1.5,6.346853325945496,-0.067483489608623,0.0012650510953872,0.033273525419127,-0.0002741065811075,6.347145311112527,0.0498512036346308,-0.005498494742805,0,0.594382107257843,-1,-1
2025-02-21 00:00:00+00:00,7.400000095367432,1.4600000381469729,6.37493721301384,-0.1948784716257388,0.0010583574605372,0.0333493654563724,0.0010775542202688,6.373783329247309,0.0459729578852975,0.0234388708022085,0,0.591220498085022,0,0
2025-02-24 00:00:00+00:00,6.130000114440918,1.4500000476837158,5.111958203854412,-0.0633560016605634,0.0075028009628776,0.0335710194442006,-0.2251361430360982,5.340066068436576,0.1168711897935971,-1.926361350763217,1,0.5899901390075684,0,0
2025-02-25 00:00:00+00:00,6.130000114440918,1.4199999570846558,5.133021202852256,0.999,3.772471060718718,1e-06,-0.2070457609346674,5.340066490219588,1.943911575778614,-0.1065098657338554,1,0.5885438919067383,0,1
2025-02-26 00:00:00+00:00,6.130000114440918,1.409999966621399,5.140042174619342,-0.1964020527277167,0.0012679944706723,0.0464351185635214,0.0290623264483971,5.1114042545935,0.0514591939858095,0.5647645094560042,0,0.5864955186843872,0,1
2025-02-27 00:00:00+00:00,6.130000114440918,1.4500000476837158,5.111958203854412,-0.30254469669366,0.0006033211174907,0.0462667557653848,-0.0085758758720545,5.1205151590101154,0.036144024514962,-0.2372695345119764,0,0.5834974646568298,0,0
2025-02-28 00:00:00+00:00,7.079999923706055,1.4900000095367432,6.033874126051204,-0.2757327679077198,0.0033874660205894,0.0456678934543283,0.0680612451125474,5.964005118694812,0.0810327618517284,0.8399225641239287,0,0.5835095643997192,0,0
2025-03-05 00:00:00+00:00,7.079999923706055,1.5399999618530271,5.998769267215774,0.999,5.101174535012981,1e-06,0.0347654301754072,5.964004488414423,2.259322851742421,0.0153875441699691,0,0.5906588435173035,0,0
2025-03-06 00:00:00+00:00,7.099999904632568,1.4800000190734863,6.060895078744805,-0.0031798014322489,0.0029726916183266,0.048205976899818,0.0051926062443117,6.055524699764102,0.0760416176468869,0.0682863727126974,0,0.585530161857605,0,0
2025-03-07 00:00:00+00:00,7.300000190734863,1.5199999809265137,6.232811477778755,0.1895407072560004,0.0044241129236145,0.0469639333304813,0.0141630446197835,6.218318429909987,0.0930088241944754,0.1522763538024042,0,0.5840514302253723,0,0
2025-03-10 00:00:00+00:00,7.300000190734863,1.4700000286102295,6.267916336614185,0.2172126693082166,0.0044487530807565,0.0470977966101835,0.0062721142024432,6.261558586055676,0.0940243259978531,0.0667073561642596,0,0.5816518068313599,0,0
2025-03-11 00:00:00+00:00,7.300000190734863,1.4900000095367432,6.253874393080013,0.1733968260513299,0.0040576271527726,0.0474882534459462,0.0005379852743323,6.25335243362708,0.0896238895822922,0.0060026994681854,0,0.5836741328239441,0,0
2025-03-12 00:00:00+00:00,7.0,1.4299999475479126,5.996000116644252,0.1994533685674926,0.0046283723240919,0.0472557557323472,-0.0187230890828165,6.0151945598472905,0.095512728812989,-0.1960271611491259,0,0.5806634426116943,0,0
2025-03-13 00:00:00+00:00,7.0,1.409999966621399,6.010042060178424,0.2672173538342889,0.0048163829564143,0.047194218871503,-0.0050139054725294,6.015056239148692,0.0983345361455155,-0.0509882455245414,0,0.5825329422950745,0,0
2025-03-14 00:00:00+00:00,6.429999828338623,1.4900000095367432,5.3838740306837725,-0.2207484315432323,0.0029417208647935,0.0505717617704949,-0.0429771348228949,5.427888926248532,0.0763136130983021,-0.5631647235406692,0,0.5784295797348022,0,0
2025-03-17 00:00:00+00:00,6.099999904632568,1.4700000286102295,5.06791605051189,0.999,3.3722401581780512,1e-06,-0.3599543805795913,5.42787983195927,1.837201427447036,-0.1959253760649325,0,0.5770722031593323,0,0
2025-03-18 00:00:00+00:00,6.0,1.4800000190734863,4.9608951741122365,0.9089396197666368,1e-06,0.0567072177903799,-0.3267785605258387,5.287919375947703,0.0503686139270597,-6.487741771077056,1,0.577728271484375,0,0
2025-03-19 00:00:00+00:00,6.980000019073486,1.4800000190734863,5.940895193185723,-0.2072072170721219,0.0038675153567474,0.0543639259270816,0.1101206289899629,5.8298325300937135,0.0867046250255657,1.270066377168378,0,0.5797757506370544,1,1
2025-03-20 00:00:00+00:00,6.980000019073486,1.4800000190734863,5.940895193185723,0.999,3.988997687927329,1e-06,0.1110626110709083,5.829832555739724,1.998207747298495,0.0555811132356287,0,0.5774458050727844,0,0
2025-03-21 00:00:00+00:00,6.119999885559082,1.4500000476837158,5.101957974972576,0.999,9.817640707030684,1e-06,-0.7278656319801011,5.829832150848283,3.1339237748757425,-0.2322537765006618,0,0.5776104927062988,0,0
2025-03-24 00:00:00+00:00,6.119999885559082,1.4500000476837158,5.101957974972576,0.999,3.713375866722324,1e-06,-0.7278741551060418,5.829832149908814,1.928007879803436,-0.3775265457837496,0,0.5796137452125549,0,0
2025-03-25 00:00:00+00:00,6.119999885559082,1.4600000381469729,5.09493700320549,0.999,3.712927487284788,1e-06,-0.7348949281259787,5.829832140019808,1.9278918551464808,-0.3811909501895485,0,0.5876660346984863,0,0
2025-03-26 00:00:00+00:00,6.050000190734863,1.4600000381469729,5.024937308381271,0.999,3.750986194665689,1e-06,-0.8048928566002571,5.829832050645947,1.9377375241618544,-0.4153776487083326,0,0.5993921160697937,0,0
2025-03-27 00:00:00+00:00,6.050000190734863,1.4600000381469729,5.024937308381271,0.999,1.8901666112570248,1e-06,-0.8048946975630452,5.829832048622714,1.376229677870431,-0.584854919571662,0,0.6122104525566101,0,0
2025-03-28 00:00:00+00:00,6.050000190734863,1.5,4.996853421312927,0.999,3.760782050050792,1e-06,-0.8329778227683242,5.829832012200267,1.940264045927677,-0.4293115797907092,0,0.6275405287742615,0,0
2025-03-31 00:00:00+00:00,6.050000190734863,1.4700000286102295,5.017916336614185,0.999,2.678149022182062,1e-06,-0.8119164666913821,5.829832048020758,1.6376790097164209,-0.4957726525614887,0,0.6432352066040039,0,0
2025-04-01 00:00:00+00:00,6.050000190734863,1.4500000476837158,5.031958280148357,0.999,3.62351629670574,1e-06,-0.7978741503087298,5.829832065340772,1.9045631558049216,-0.4189276411637427,0,0.6580431461334229,0,0
2025-04-02 00:00:00+00:00,5.800000190734863,1.4800000190734863,4.7608953648471,0.999,3.751366744162806,1e-06,-1.0689291100864429,5.829831721515699,1.937837006046583,-0.5516094009718521,0,0.6695841550827026,0,0
2025-04-03 00:00:00+00:00,6.0,1.4900000095367432,4.953874202345149,0.999,4.867002632871851,1e-06,-0.8759616490510376,5.829831908625674,2.2070000342947265,-0.3969015113001399,0,0.684295654296875,0,0
2025-04-04 00:00:00+00:00,6.0,1.4500000476837158,4.981958089413494,0.999,4.463764404487245,1e-06,-0.8478744577366834,5.829831937560565,2.1136726148540648,-0.4011380247717424,0,0.6972589492797852,0,0
2025-04-07 00:00:00+00:00,6.0,1.3899999856948853,5.024084003712596,0.999,1.5439738405739671,1e-06,-0.805750733946128,5.829832064473431,1.2441150888153836,-0.6476496758136294,0,0.7100162506103516,0,0
2025-04-08 00:00:00+00:00,6.0,1.3899999856948853,5.024084003712596,0.999,4.299428359319419,1e-06,-0.805748041196024,5.829832063586452,2.07443435121541,-0.3884181925178478,0,0.7217684984207153,0,0
2025-04-09 00:00:00+00:00,6.0,1.3799999952316284,5.031104975479682,0.999,4.299428359319419,1e-06,-0.7987272395245812,5.829832070452144,2.0744345922436835,-0.3850337062981038,0,0.7320143580436707,0,0
2025-04-10 00:00:00+00:00,6.0,1.5099999904632568,4.939832258810978,0.999,4.368981842231369,1e-06,-0.8899976042427811,5.8298319703426245,2.0911320762793766,-0.4256056393273348,0,0.742707371711731,0,0
2025-04-11 00:00:00+00:00,6.199999809265137,1.4199999570846558,5.203020897676475,0.999,5.292186239914006,1e-06,-0.6268162642723354,5.829832205838611,2.301312399167052,-0.2723733920258754,0,0.753254771232605,0,0
2025-04-14 00:00:00+00:00,6.199999809265137,1.5099999904632568,5.139832068076115,0.999,5.033190165186764,1e-06,-0.6899988097638634,5.82983214558751,2.244335911516317,-0.3074400789219144,0,0.7615484595298767,0,0
2025-04-15 00:00:00+00:00,6.199999809265137,1.4500000476837158,5.181957898678631,0.999,5.0791780547963326,1e-06,-0.6478751014268214,5.829832184364686,2.254558176970946,-0.2873623346891218,0,0.7678613662719727,0,0
2025-04-16 00:00:00+00:00,6.150000095367432,1.5700000524520874,5.047706439879308,0.999,5.30078629719354,1e-06,-0.7821230787097472,5.829832063370162,2.303180803981657,-0.3395838821501293,0,0.7743362784385681,0,0
2025-04-17 00:00:00+00:00,6.150000095367432,1.659999966621399,4.984517693975533,0.999,5.039448104788017,1e-06,-0.8453130396246137,5.82983200300234,2.2457303095680063,-0.3764089730735388,0,0.779481053352356,0,0
2025-04-22 00:00:00+00:00,6.150000095367432,1.6399999856948853,4.998559637509705,0.999,5.012777335093978,1e-06,-0.8312726412371774,5.829832015522892,2.239784555175399,-0.3711395541666639,0,0.7862789630889893,0,0
2025-04-23 00:00:00+00:00,6.5,1.950000047683716,5.130909166272849,0.999,5.134872853744034,1e-06,-0.6989255322819535,5.829832137374026,2.2668770086398187,-0.3083208879961802,0,0.7911235094070435,0,0
2025-04-24 00:00:00+00:00,6.5,1.820000052452088,5.222181882941553,0.999,4.863110412133557,1e-06,-0.6076522055009205,5.829832226000439,2.206121014487978,-0.2754391991692039,0,0.7950609922409058,0,0
2025-04-25 00:00:00+00:00,6.5,1.840000033378601,5.208139939407381,0.999,4.82624613436987,1e-06,-0.6216919686591885,5.829832211555523,2.1977503617972265,-0.2828765174907287,0,0.7984498739242554,0,0
2025-04-28 00:00:00+00:00,6.5,1.899999976158142,5.166014108804864,0.999,4.818077412237011,1e-06,-0.6638171733131023,5.829832169319248,2.1958913749633404,-0.3022996405385419,0,0.8028425574302673,0,0
2025-04-29 00:00:00+00:00,6.650000095367432,1.9800000190734863,5.259846346339022,0.999,4.885500443344207,1e-06,-0.5699878207244922,5.829832260120611,2.2111903947358926,-0.2577741935210297,0,0.8024152517318726,0,0
2025-04-30 00:00:00+00:00,5.960000038146973,1.870000004768372,4.647077062253096,0.999,8.947728493369722,1e-06,-1.1827480168956983,5.829831933666132,2.9919211240961774,-0.395313902953572,0,0.800696074962616,0,0
2025-05-02 00:00:00+00:00,5.960000038146973,2.5,4.204755422443746,0.999,1.5149297803634156,1e-06,-1.6250458446756844,5.829830539265824,1.2323937251490644,-1.318609314145223,1,0.8030374050140381,0,0
2025-05-05 00:00:00+00:00,5.960000038146973,2.289999961853028,4.352195996945724,0.999,3.045399842206097,1e-06,-1.4776395571841214,5.829830767348065,1.746214579957052,-0.8461958651269903,1,0.8116006255149841,0,1
2025-05-06 00:00:00+00:00,5.960000038146973,2.539999961853028,4.176671535375402,0.999,3.6057391298245167,1e-06,-1.6531540895565917,5.82983053342514,1.8998962201724336,-0.870128627029192,1,0.8198692798614502,0,1
2025-05-07 00:00:00+00:00,5.960000038146973,2.4100000858306885,4.267944168347521,0.999,3.697508804574895,1e-06,-1.5618889041138255,5.829830648945713,1.923896130835828,-0.8118363975477566,1,0.8311679363250732,0,1
2025-05-08 00:00:00+00:00,5.849999904632568,2.400000095367432,4.164965006600202,0.999,1.7447758027587064,1e-06,-1.664859365891023,5.8298303633238175,1.3223631562853178,-1.2590031399300472,1,0.8414469957351685,0,1
2025-05-09 00:00:00+00:00,6.199999809265137,2.25,4.620279655132233,0.999,6.253442153080148,1e-06,-1.209558308195907,5.829830709255564,2.501461906954465,-0.4835405667514427,1,0.8531991243362427,0,1
2025-05-12 00:00:00+00:00,6.199999809265137,2.430000066757202,4.4939019959315125,0.999,5.55496365860807,1e-06,-1.3359263071844272,5.829830599716956,2.3577180020621284,-0.5666183597936595,1,0.8589493036270142,0,1
2025-05-13 00:00:00+00:00,5.989999771118164,2.390000104904175,4.311985844852884,0.999,5.318895930003251,1e-06,-1.5178411452903315,5.829830435359259,2.307112361492432,-0.6578964989414152,1,0.8655179142951965,0,1
2025-05-14 00:00:00+00:00,5.949999809265137,2.369999885559082,4.286027993927199,0.999,5.023148504350959,1e-06,-1.5438018683018069,5.829830409257205,2.242101920692517,-0.6885511555268519,1,0.8724907636642456,0,1
2025-05-15 00:00:00+00:00,6.0,2.3499999046325684,4.350070128196235,0.999,5.089529064706654,1e-06,-1.4797615675843443,5.829830467861082,2.256856792787858,-0.6556736662747746,1,0.8799997568130493,0,1
2025-05-16 00:00:00+00:00,6.0,2.2699999809265137,4.406237902332924,0.999,4.526390450973876,1e-06,-1.4235938313790084,5.829830525534798,2.128441911151695,-0.6688431682914499,1,0.8858721852302551,0,1
2025-05-19 00:00:00+00:00,6.070000171661377,2.299999952316284,4.455175158693042,0.999,2.152644111284192,1e-06,-1.3746576792948146,5.829830630914305,1.468509321311346,-0.936090537081015,1,0.8911876082420349,0,1
2025-05-20 00:00:00+00:00,6.070000171661377,2.319999933242798,4.44113321515887,0.999,3.0724502257593085,1e-06,-1.3886968901329115,5.829830606956111,1.75394604899045,-0.7917557617762693,1,0.8954620361328125,0,1
2025-05-21 00:00:00+00:00,5.800000190734863,2.289999961853028,4.192196149533615,0.999,3.557486824719097,1e-06,-1.6376270851187416,5.829830270859312,1.8871577417398413,-0.8677743512892312,1,0.9013577699661256,0,1
2025-05-22 00:00:00+00:00,5.800000190734863,2.299999952316284,4.185175177766529,0.999,3.0427597591928404,1e-06,-1.6446547947106978,5.829830257253676,1.745462195567098,-0.9422460130546408,1,0.9071049094200134,0,1
2025-05-23 00:00:00+00:00,5.800000190734863,2.2799999713897705,4.199217121300701,0.999,3.0531898681639404,1e-06,-1.6306135613625672,5.829830276655479,1.7484477072906033,-0.9326064225788988,1,0.913095235824585,0,1
2025-05-26 00:00:00+00:00,6.0,2.3299999237060547,4.364112071730407,0.999,2.828612016475886,1e-06,-1.4657242522771294,5.8298305525142124,1.6830010496576384,-0.8708991908087591,1,0.9178547859191896,0,1
2025-05-27 00:00:00+00:00,6.0,2.3499999046325684,4.350070128196235,0.999,3.0558672550949906,1e-06,-1.479759892818237,5.829830528264179,1.7492137582491956,-0.8459571540869554,1,0.9223570823669434,0,1
2025-05-28 00:00:00+00:00,5.800000190734863,2.2799999713897705,4.199217121300701,0.999,3.216169469306944,1e-06,-1.6306084443085134,5.829830301795078,1.7944503298870478,-0.90869522390801,1,0.9262987971305848,0,1
2025-05-29 00:00:00+00:00,5.800000190734863,2.220000028610229,4.241342951903217,0.999,3.1880219938358567,1e-06,-1.5884886806336147,5.82983036253506,1.7865904709595135,-0.8891174034867063,1,0.9310793876647948,0,1
2025-05-30 00:00:00+00:00,5.800000190734863,2.309999942779541,4.1781542059994425,0.999,3.239790701296569,1e-06,-1.6516740616340364,5.829830266896888,1.8010206046660973,-0.9170767160324914,1,0.9354739189147948,0,1
2025-06-02 00:00:00+00:00,5.800000190734863,2.25,4.22028003660196,0.999,3.2810538269833223,1e-06,-1.6095515227461537,5.829830325912679,1.812440162916855,-0.888057744293096,1,0.9392922520637512,0,1
2025-06-03 00:00:00+00:00,5.800000190734863,2.319999933242798,4.171133234232356,0.999,3.312866964111881,1e-06,-1.6586954863980017,5.829830252597829,1.8211956186274243,-0.9107728293614644,1,0.9425601363182068,0,1
2025-06-04 00:00:00+00:00,5.800000190734863,2.369999885559082,4.136028375396926,0.999,2.1924810007622337,1e-06,-1.693800120224232,5.829830172338968,1.4820150189042107,-1.1429034784523395,1,0.945844829082489,0,1
2025-06-05 00:00:00+00:00,5.760000228881836,2.319999933242798,4.131133272379329,-0.999,1e-06,0.0663648851343091,1.3740091613956504,2.761274389656428,0.056238122291842,24.431988576456515,0,0.9475197196006776,0,1
2025-06-06 00:00:00+00:00,5.78000020980835,2.2699999809265137,4.1862381121412735,0.999,1.8627342185589288,1e-06,1.4249582549341555,2.761277048275621,1.366044669794277,1.0431271293264155,0,0.9423008561134338,0,0
2025-06-09 00:00:00+00:00,5.78000020980835,2.289999961853028,4.172196168607101,0.999,2.142470127556764,1e-06,1.410919734058091,2.761277023261733,1.4648600476933693,0.9631771555786404,0,0.9396303296089172,0,0
2025-06-10 00:00:00+00:00,5.75,2.289999961853028,4.142195958798752,0.999,1.5952584567255097,1e-06,1.3809208035589702,2.7612769471927057,1.264359239595067,1.0921902259370797,0,0.9383866786956788,0,0
2025-06-11 00:00:00+00:00,5.75,2.309999942779541,4.128154015264579,0.999,0.0456548814367509,0.0191200238133101,1.370623460064237,2.757550044038656,0.2498667414631403,5.485417755233454,-1,0.937492311000824,0,0
2025-06-12 00:00:00+00:00,6.059999942779541,2.2799999713897705,4.459216873345379,0.999,1.606868426946579,1e-06,1.7016363941617538,2.757559794697652,1.2742475968874434,1.3354048289502582,-1,0.9358956813812256,0,-1
2025-06-13 00:00:00+00:00,6.059999942779541,2.3499999046325684,4.410070070975776,0.999,0.9612590163788431,1e-06,1.652516083933559,2.7575589195916743,0.9889886375869142,1.6709151360582064,-1,0.9393560290336608,0,-1
2025-06-16 00:00:00+00:00,5.599999904632568,2.299999952316284,3.9851748916642338,0.999,2.1410661084996754,1e-06,1.2276392450937357,2.757555412793608,1.4689814924000948,0.8357077685764152,-1,0.9439475536346436,0,-1
2025-06-17 00:00:00+00:00,5.460000038146973,2.299999952316284,3.845175025178638,-0.999,1e-06,0.0671956391038975,-0.6486147772566484,4.492066662931207,0.0918490409116145,-7.061747959685332,0,0.947507381439209,0,-1
2025-06-18 00:00:00+00:00,5.460000038146973,2.180000066757202,3.929426686383671,-0.999,1e-06,0.0668459745991848,0.4456508658886591,3.484978556821313,0.0748948161148311,5.950356633566907,-1,0.9443912506103516,0,0
2025-06-20 00:00:00+00:00,5.460000038146973,2.180000066757202,3.929426686383671,-0.999,1e-06,0.0668793338374004,-0.3339392345150934,4.262371049195669,0.064809589663986,-5.1526207193479525,0,0.942308783531189,0,-1
2025-06-23 00:00:00+00:00,5.5,2.200000047683716,3.955384704702526,-0.999,1e-06,0.0667345760706287,0.2694856607324901,3.686664699267385,0.057919342281915,4.65277487822294,-1,0.9393600225448608,0,0
2025-06-24 00:00:00+00:00,5.5,2.0999999046325684,4.025594589766557,-0.999,1e-06,0.0666090798107672,-0.2184818421937767,4.243317872053138,0.0528297485987158,-4.1355836056181285,0,0.9345586895942688,0,-1
2025-06-25 00:00:00+00:00,5.449999809265137,2.0899999141693115,3.9826153707987806,-0.999,1e-06,0.0666103758207787,0.1840633591323121,3.799166648299473,0.0488783734881577,3.765742310899665,-1,0.929604947566986,0,0
2025-06-26 00:00:00+00:00,5.099999904632568,2.0799999237060547,3.639636437933298,0.999,0.4537719489141842,1e-06,-0.1593818604913945,3.799093943815685,0.6755342704087806,-0.2359345298573069,0,0.923239529132843,0,-1
2025-06-27 00:00:00+00:00,5.099999904632568,2.069999933242798,3.646657409700384,-0.999,1e-06,0.0675688320047677,0.1389853668814935,3.508073363785348,0.0473710844027328,2.9339705568039607,-1,0.9152629375457764,0,0
2025-06-30 00:00:00+00:00,5.119999885559082,2.259999990463257,3.533258759659092,-0.999,1e-06,0.0672349124740329,-0.1292376163936581,3.662281598679296,0.044479939743099,-2.905525887402066,0,0.9007167816162109,0,-1
2025-07-01 00:00:00+00:00,5.119999885559082,2.190000057220459,3.5824055620286943,-0.999,1e-06,0.0668510792872396,0.1181079770490515,3.46457648938944,0.0420464303635906,2.808989396429832,-1,0.8865373730659485,0,0
2025-07-02 00:00:00+00:00,5.300000190734863,2.200000047683716,3.755384895437389,-0.999,1e-06,0.0670815385732496,-0.098605191133538,3.853440049162291,0.0399781826730853,-2.466475075664764,0,0.8638006448745728,0,-1
2025-07-03 00:00:00+00:00,5.300000190734863,2.240000009536743,3.7273010083690448,-0.999,1e-06,0.0671377684711824,0.0887956673440775,3.638810142367275,0.0381882101693346,2.3252115495944587,-1,0.8513598442077637,0,0
2025-07-04 00:00:00+00:00,5.300000190734863,2.109999895095825,3.818573808734335,-0.999,1e-06,0.0671676542936038,-0.0780414311841354,3.8962483504109824,0.036618863315058,-2.131181148707148,0,0.8382551670074463,0,-1
2025-07-07 00:00:00+00:00,5.300000190734863,2.109999895095825,3.818573808734335,-0.999,1e-06,0.067219385475584,0.0722458129590318,3.746541905282805,0.0352288244551102,2.0507585500359213,-1,0.8377211093902588,0,0
2025-07-08 00:00:00+00:00,5.119999885559082,2.119999885559082,3.631552531791468,-0.999,1e-06,0.0673278191500395,-0.0736350912629931,3.705246704344112,0.0339874873367262,-2.166535305580663,0,0.8321493268013,0,-1
2025-07-09 00:00:00+00:00,5.25,2.0899999141693115,3.782615561533644,0.999,0.3729694423743759,1e-06,0.0772885328864654,3.705286583222159,0.6118149401218328,0.1263266517667494,0,0.8288148045539856,0,0
2025-07-10 00:00:00+00:00,5.300000190734863,2.0899999141693115,3.832615752268507,-0.999,1e-06,0.0675294772812035,-0.0699169079965119,3.902251380508144,0.0354246025345382,-1.973682215018346,1,0.8313663601875305,0,0
2025-07-11 00:00:00+00:00,5.300000190734863,2.049999952316284,3.8606996393368513,-0.999,1e-06,0.0675694726369746,0.0660174645495458,3.794835265107072,0.0341672810484566,1.932183730274552,0,0.8064444661140442,0,1
2025-07-14 00:00:00+00:00,5.099999904632568,2.0199999809265137,3.681762268535815,0.999,0.2417500766378017,1e-06,-0.1129260573489795,3.79476231792982,0.4930621704813249,-0.2290300576877388,0,0.7778103947639465,0,0
2025-07-15 00:00:00+00:00,5.099999904632568,2.049999952316284,3.660699353234557,-0.999,1e-06,0.0676611268528511,0.1039485315457869,3.5570894809297897,0.0355741393056661,2.922025200739862,-1,0.7469112873077393,0,0
2025-07-16 00:00:00+00:00,5.099999904632568,2.0299999713897705,3.6747412967687287,0.999,0.0170930852304867,0.0497086645725545,0.1073674879888473,3.567353201463874,0.1763130211316251,0.6089594931771546,-1,0.7121317982673645,0,-1
2025-07-17 00:00:00+00:00,5.099999904632568,1.9299999475479128,3.744951098136175,0.999,0.7455695786326922,1e-06,0.1775800423999375,3.5673616241770207,0.8716149078993249,0.203736811739398,-1,0.6723042130470276,0,-1
2025-07-18 00:00:00+00:00,5.099999904632568,1.9900000095367432,3.702825183837073,0.999,0.7506660601569903,1e-06,0.1354699859380045,3.5673607832970773,0.8745341896833491,0.1549053056313961,-1,0.6276103258132935,-1,-1
2025-07-21 00:00:00+00:00,5.099999904632568,2.0,3.6958042120699854,0.999,0.4874371459478926,1e-06,0.1284450545530266,3.5673605706734266,0.7082246288443675,0.1813620274158136,-1,0.589343249797821,-1,-1
2025-07-22 00:00:00+00:00,5.150000095367432,1.9299999475479128,3.794951288871038,-0.999,1e-06,0.0656902562428694,-0.0462092911611665,3.8408688882914968,0.087320368969045,-0.5291925779373158,0,0.5815021991729736,-1,-1
2025-07-23 00:00:00+00:00,5.150000095367432,1.870000004768372,3.8370771194735545,-0.999,1e-06,0.0641654434796613,0.0381468210874959,3.798983027289703,0.0719097656154926,0.5304817886831957,0,0.5824539065361023,0,0
2025-07-24 00:00:00+00:00,5.150000095367432,1.8799999952316284,3.830056147706468,-0.999,1e-06,0.0641750279510666,-0.029714893182988,3.859689622907707,0.0625366741834684,-0.475159473556449,0,0.5811358690261841,0,0
2025-07-25 00:00:00+00:00,5.150000095367432,1.809999942779541,3.879203033772656,-0.999,1e-06,0.0641907989317234,0.0286934241023357,3.8505223296455418,0.056069815175098,0.511744581513784,0,0.582025945186615,0,0
2025-07-28 00:00:00+00:00,5.150000095367432,1.7999999523162842,3.8862240055397423,-0.999,1e-06,0.0639992172102537,-0.0234064384287933,3.909546545974704,0.0512496974011406,-0.4567136903382465,0,0.5809288024902344,0,0
2025-07-29 00:00:00+00:00,5.150000095367432,1.7599999904632568,3.914307892608087,-0.999,1e-06,0.0628049654565403,0.022055815930261,3.89227742444328,0.047424652778875,0.4650706887217438,0,0.581746518611908,0,0
2025-07-30 00:00:00+00:00,5.150000095367432,1.7400000095367432,3.928349836142259,0.999,0.5850403169282956,1e-06,0.0360677106265789,3.892279726735086,0.7664691502938645,0.0470569632355726,0,0.5816640257835388,0,0
2025-07-31 00:00:00+00:00,5.5,1.6799999475479126,4.320475655073929,0.999,1.7592458560140494,1e-06,0.428172892345961,3.892280473658429,1.3272835195440889,0.3225933917216383,0,0.5823394656181335,0,0
2025-08-01 00:00:00+00:00,5.5,1.7100000381469729,4.299412656076085,-0.999,1e-06,0.0600747613493894,-0.370592153514323,4.668805428556174,0.0458978254425248,-8.074285653868158,1,0.5852203369140625,0,0
2025-08-04 00:00:00+00:00,5.5,1.7300000190734863,4.285370712541913,0.999,0.8962366076082701,1e-06,-0.3834318254335023,4.668804011938224,0.9479078753609328,-0.4045032596522144,1,0.5846574902534485,1,1
2025-08-05 00:00:00+00:00,5.5,1.7300000190734863,4.285370712541913,0.999,0.8979081493266132,1e-06,-0.383433255166025,4.668804010565299,0.9487897041115656,-0.4041288111627085,1,0.5846744775772095,0,1
2025-08-06 00:00:00+00:00,5.5,1.7899999618530271,4.243244881939397,0.999,0.8975267303825344,1e-06,-0.4255542421648586,4.668803859316856,0.9485892070173046,-0.4486180519626083,1,0.5878013372421265,0,1
2025-08-07 00:00:00+00:00,5.199999809265137,1.850000023841858,3.901118776905432,0.999,1.6464408302783533,1e-06,-0.7676636143834233,4.668803194625175,1.284031381606047,-0.5978542466954675,1,0.5903246998786926,0,1
2025-08-08 00:00:00+00:00,5.199999809265137,1.7999999523162842,3.936223719437448,0.999,1.0772618213144405,1e-06,-0.7325827619111358,4.668803296414366,1.0390180828852218,-0.7050721965077318,1,0.6014193296432495,0,1
2025-08-11 00:00:00+00:00,5.199999809265137,1.7300000190734863,3.9853705218070496,0.999,0.9650406085096476,1e-06,-0.6834379510676958,4.668803456781935,0.9835336103046312,-0.6948801178802763,1,0.6130794286727905,0,1
2025-08-12 00:00:00+00:00,5.199999809265137,1.75,3.9713285782728778,0.999,0.9830564117285584,1e-06,-0.697473333528075,4.66880340890317,0.992650575987906,-0.7026373130685339,1,0.6253781318664551,0,1
2025-08-13 00:00:00+00:00,5.199999809265137,1.659999966621399,4.034517407873238,0.999,1.0859948508775743,1e-06,-0.6342919381708536,4.668803592949835,1.0432135956619888,-0.6080173234018801,1,0.636533260345459,0,1
2025-08-14 00:00:00+00:00,5.199999809265137,1.7100000381469729,3.999412465341222,0.999,1.0638440091583232,1e-06,-0.6693876618735327,4.6688034854832505,1.0325428631495353,-0.6482904349672411,1,0.6468556523323059,0,1
2025-08-15 00:00:00+00:00,5.010000228881836,1.659999966621399,3.844517827489937,0.999,1.1939500301689918,1e-06,-0.8242722135276256,4.668803068466087,1.093732959333512,-0.7536320511269151,1,0.6560088396072388,0,1
2025-08-18 00:00:00+00:00,5.010000228881836,1.590000033378601,3.89366462985954,0.999,1.233114028296681,1e-06,-0.7751424810771278,4.668803193891171,1.1114930430437284,-0.6973885135209362,1,0.6679133772850037,0,1
2025-08-19 00:00:00+00:00,5.010000228881836,1.5199999809265137,3.942811515925728,-0.999,1e-06,0.0512983631639092,0.6624099419959714,3.28288967350745,0.0443213566426855,14.945615210659188,0,0.6768556237220764,0,1
2025-08-20 00:00:00+00:00,4.329999923706055,1.5399999618530271,3.248769267215774,0.999,4.030312289670955,1e-06,-0.0340866829117193,3.282873215123766,2.008098994807042,-0.0169746028457101,0,0.6724045276641846,0,0
2025-08-21 00:00:00+00:00,5.010000228881836,1.5099999904632568,3.949832487692814,0.999,12.59963166931066,1e-06,0.6669535391251927,3.282873384907386,3.5498988660176374,0.1878795887707633,0,0.6743302941322327,0,0
2025-08-22 00:00:00+00:00,5.010000228881836,1.7100000381469729,3.809412884957921,0.999,10.015427092371052,1e-06,0.526540937901591,3.2828733423466407,3.1650558260156365,0.1663607111045597,0,0.6815442442893982,0,0
2025-08-25 00:00:00+00:00,5.119999885559082,1.7200000286102295,3.912391569868081,0.999,2.607943176566508,1e-06,0.6295141379441205,3.282873463437886,1.6155789869203645,0.3896523432408016,0,0.6869824528694153,0,0
2025-08-26 00:00:00+00:00,5.119999885559082,1.690000057220459,3.93345448516934,0.999,9.51009592893928,1e-06,0.6505807866319502,3.282873470401522,3.084193446965165,0.2109403310198065,0,0.6973171234130859,0,0
2025-08-27 00:00:00+00:00,5.119999885559082,1.7000000476837158,3.926433513402253,0.999,9.417531917025078,1e-06,0.6435601127060908,3.282873468336252,3.069150730475239,0.2096867078947404,0,0.7098127007484436,0,0
2025-08-28 00:00:00+00:00,4.630000114440918,1.6799999475479126,3.450475769514848,0.999,11.238892950326877,1e-06,0.167606659464896,3.2828733391654112,3.3527672510719,0.0499905442023484,0,0.7182507514953613,0,0
2025-08-29 00:00:00+00:00,4.5,1.6699999570846558,3.327496626841015,0.999,9.292775128246554,1e-06,0.044624649652411,3.282873298786401,3.0487589963100006,0.0146369882651995,0,0.7241127490997314,0,0
2025-09-01 00:00:00+00:00,4.5,1.6699999570846558,3.327496626841015,0.999,9.294538704634238,1e-06,0.0446233275744872,3.28287329880064,3.0490483751439625,0.0146351654956541,0,0.728194534778595,0,0
2025-09-02 00:00:00+00:00,4.5,1.6399999856948853,3.348559542142273,0.999,8.785247525521887,1e-06,0.0656859957405548,3.282873306146033,2.964355885312764,0.022158606551259,0,0.7284908890724182,0,0
2025-09-03 00:00:00+00:00,4.5,1.6699999570846558,3.327496626841015,0.999,9.076470243074212,1e-06,0.0446235590989649,3.282873299071234,3.013076423255548,0.0148099659054616,0,0.7256762981414795,0,0
2025-09-04 00:00:00+00:00,4.5,1.6299999952316284,3.35558051390936,0.999,5.646382403644651,1e-06,0.072706701451295,3.2828733143111624,2.3766662980395457,0.0305918847384123,0,0.7247332334518433,0,0
2025-09-05 00:00:00+00:00,4.349999904632568,1.6200000047683716,3.212601390309014,0.999,11.253471971781403,1e-06,-0.0702706152797845,3.2828732754490626,3.3549416181670395,-0.0209454062923982,0,0.723734974861145,0,0
2025-09-08 00:00:00+00:00,4.75,1.5700000524520874,3.647706344511876,0.999,14.914691937204712,1e-06,0.3648300629991678,3.282873364740718,3.862234356815161,0.0944608817834686,0,0.7191352248191833,0,0
2025-09-09 00:00:00+00:00,4.75,1.5,3.696853230578064,0.999,2.9729611189242005,1e-06,0.4139781494516828,3.2828734157400272,1.7248548941351145,0.2400075222903094,0,0.7171803712844849,0,0
2025-09-10 00:00:00+00:00,4.75,1.5299999713897705,3.6757903152768057,0.6791501104539436,0.0302761950473922,0.0004577585581603,0.3885323882201358,3.2868984716870067,0.1812440134382303,2.1436977743408407,-1,0.7111243605613708,0,0
2025-09-11 00:00:00+00:00,4.75,1.5499999523162842,3.661748371742633,0.5242883730255053,0.0089950641759337,0.0190180579599578,0.253810104563382,3.4073420136248025,0.1274248247114573,1.9918418968840124,-1,0.7018905282020569,0,-1
2025-09-12 00:00:00+00:00,4.989999771118164,1.5700000524520874,3.88770611563004,-0.2443709186995969,0.0035297604275344,0.0219488486757308,0.0223087633578411,3.8639242474980495,0.0812519342310165,0.274562858951918,-1,0.6924455165863037,0,-1
2025-09-15 00:00:00+00:00,4.989999771118164,1.600000023841858,3.866643200328782,0.2752626421752537,0.0098533792371388,0.0158392371473823,0.0049897484735898,3.861665902330465,0.129729697942045,0.0384626539084281,-1,0.6842767596244812,-1,-1
2025-09-16 00:00:00+00:00,4.989999771118164,1.6799999475479126,3.8104754261920935,0.254170442888841,0.0093955126614441,0.0162972039167805,-0.0129951121141212,3.823647030980747,0.1305540888742698,-0.0995381471861538,0,0.6787425875663757,-1,-1
2025-09-17 00:00:00+00:00,4.989999771118164,1.75,3.761328540125905,0.2553518639276668,0.0094055274498887,0.0163071179670511,-0.0189104336289811,3.7804349022327006,0.1311743137052616,-0.1441626267736483,0,0.6759640574455261,0,0
2025-09-18 00:00:00+00:00,4.989999771118164,1.6699999570846558,3.817496397959179,0.2550639029613079,0.009452561487472,0.0162630259115906,0.0062382758738431,3.8111194533719854,0.131552054616937,0.0474205886940213,0,0.6740257740020752,0,0
2025-09-19 00:00:00+00:00,4.989999771118164,1.690000057220459,3.8034543707284216,0.2624245811697149,0.0095626135472358,0.0161685462430332,-0.0008452445726679,3.80433045366221,0.1323556953255686,-0.0063861594364248,0,0.6720036268234253,0,0
2025-09-22 00:00:00+00:00,4.989999771118164,1.6399999856948853,3.838559313260437,0.2508556854684587,0.0093585911991541,0.0163668938892985,0.0087190807091633,3.8297267530737646,0.1310607312260785,0.0665270262693945,0,0.6765507459640503,0,0
2025-09-23 00:00:00+00:00,4.989999771118164,1.6200000047683716,3.8526012567946095,0.2700925153133405,0.0091356661160777,0.0163707488347052,0.0075831700284348,3.844949306687452,0.1300189149913797,0.0583235910631745,0,0.6652279496192932,0,0
2025-09-24 00:00:00+00:00,4.989999771118164,1.559999942779541,3.8947271710937112,0.3123062254434149,0.0093974284239408,0.0161157517141772,0.0148647503776235,3.8797009002031806,0.1323379416666334,0.1123241769550012,0,0.6620655059814453,0,0
2025-09-25 00:00:00+00:00,5.0,1.559999942779541,3.904727399975547,0.2089316128355891,0.0078463318202138,0.0174486593705789,0.0077799963724474,3.896875607018959,0.121073061586779,0.0642586903352664,0,0.6481348276138306,0,0
2025-09-26 00:00:00+00:00,5.0,1.5499999523162842,3.911748371742633,0.2623242862321294,0.0087989877571567,0.0164684525126708,0.0053371994115309,3.906367141125109,0.1270576167353921,0.0420061350800091,0,0.6365962624549866,0,0
2025-09-29 00:00:00+00:00,5.0,1.5099999904632568,3.939832258810978,0.2627039503421357,0.0088306642788066,0.0164334193939134,0.0094834795423055,3.9302397898024792,0.1276688139701613,0.0742818801819685,0,0.6226904392242432,0,0
2025-09-30 00:00:00+00:00,4.900000095367432,1.5199999809265137,3.832811382411324,0.2599774619401185,0.0088899927734662,0.0163865836651207,-0.0227698222330061,3.8559194952332,0.128063705354261,-0.1778007451058698,0,0.6108466386795044,0,0
2025-10-01 00:00:00+00:00,4.900000095367432,1.4700000286102295,3.867916241246754,0.2654546886085626,0.0089376219111894,0.0163328266699493,-0.0014676368406449,3.8693226911987977,0.1284793532255182,-0.0114231337860862,0,0.6027833819389343,0,0
2025-10-02 00:00:00+00:00,4.400000095367432,1.4900000095367432,3.353874297712581,0.163488272393621,0.0082702505110033,0.017721497876721,-0.118848102302757,3.474360811136703,0.1227853741070891,-0.9679337068200152,0,0.6024166941642761,0,0
2025-10-03 00:00:00+00:00,4.400000095367432,1.5499999523162842,3.311748467110065,0.4013293084219663,0.0116473244018922,0.0153013324304658,-0.0866552265692059,3.398792444599946,0.1448912478526969,-0.59807081416887,0,0.6028004884719849,0,0
2025-10-06 00:00:00+00:00,4.400000095367432,1.5099999904632568,3.3398323541784096,0.2732043402811719,0.008694667991729,0.0182547594964181,-0.0312171579503249,3.371159652864784,0.1289305789675826,-0.242123770794312,0,0.6023143529891968,0,0
2025-10-07 00:00:00+00:00,4.460000038146973,1.4199999570846558,3.4630211265583104,0.3136261182013169,0.0093399162259959,0.0177304831406978,0.0152809767303601,3.447411985033977,0.1325721403197092,0.115265369432135,0,0.60141921043396,0,0
2025-10-08 00:00:00+00:00,4.460000038146973,1.4700000286102295,3.4279161840262944,0.274988538894812,0.008667404336287,0.0183374657918536,-0.0010887830989867,3.4290802040718926,0.128013710401451,-0.0085052069467584,0,0.600908637046814,0,0
2025-10-09 00:00:00+00:00,4.460000038146973,1.399999976158142,3.4770630700924827,0.2636144084178707,0.0084947537923879,0.0185145563669703,0.0104897444916588,3.466419415770856,0.126343686719475,0.0830254741176704,0,0.5991061329841614,0,0
2025-10-10 00:00:00+00:00,4.409999847412109,1.2999999523162842,3.4972726807250654,0.2580263100620641,0.0082546370125174,0.0186680277143733,0.0088687129749311,3.4883137556829,0.1245433696539267,0.0712098363772796,0,0.5977234840393066,0,0
2025-10-13 00:00:00+00:00,4.409999847412109,1.2899999618530271,3.5042936524921515,0.211563697891356,0.0077308041085904,0.0189401203583519,0.0048120411442771,3.4994366193412345,0.1201173472837948,0.0400611672925806,0,0.5902884602546692,0,0
2025-10-14 00:00:00+00:00,4.409999847412109,1.2899999618530271,3.5042936524921515,0.2414848543575257,0.008304942659673,0.0183244767309978,0.0020159257967719,3.5022656715608087,0.1239498148077946,0.016264048477184,0,0.5824790596961975,0,0
2025-10-15 00:00:00+00:00,4.409999847412109,1.2699999809265137,3.518335596026324,0.2449985139427675,0.0083601213681991,0.0182735218146136,0.0040617576903878,3.514223302960119,0.1246063118610328,0.0325967250753534,0,0.5772713422775269,0,0
2025-10-16 00:00:00+00:00,4.409999847412109,1.2899999618530271,3.5042936524921515,0.2529554481684193,0.00837808546466,0.0182320951668599,-0.0014753593857396,3.5058046155926177,0.124936157522371,-0.0118089063646407,0,0.5750353932380676,0,0
2025-10-17 00:00:00+00:00,4.409999847412109,1.3200000524520874,3.483230653494308,0.6295220953833021,0.0131239883990716,0.0124669868882681,-0.0101896782812149,3.493501199394708,0.1556080808573021,-0.065482963513696,0,0.5749952793121338,0,0
2025-10-20 00:00:00+00:00,4.409999847412109,1.2999999523162842,3.4972726807250654,-0.4611993666156113,0.0021764845094415,0.0189131221047144,0.0045001786597651,3.492774571523789,0.0681443671022125,0.0660388943522679,0,0.5749582648277283,0,0
2025-10-21 00:00:00+00:00,4.409999847412109,1.2400000095367432,3.539398511327582,-0.0009291317760789,0.0060227454213266,0.0147564486959459,0.0119976352692452,3.5272016764427248,0.1024435780164544,0.1171145668820572,0,0.5750528573989868,0,0
2025-10-22 00:00:00+00:00,4.409999847412109,1.2699999809265137,3.518335596026324,0.1657614301040703,0.0080923087787345,0.0126905832173247,-0.0013862345047863,3.51976696159239,0.1182471147444167,-0.011723199401377,0,0.5749951004981995,0,0
2025-10-23 00:00:00+00:00,4.409999847412109,1.2799999713897705,3.5113146242592377,0.1712079680391628,0.0081008814055387,0.0126611753778323,-0.0026306128779945,3.513978155122463,0.1193998251157613,-0.0220319659215924,0,0.574924886226654,0,0
2025-10-24 00:00:00+00:00,4.800000190734863,1.2699999809265137,3.9083359393490777,0.1880853395761052,0.0092639317525244,0.0121707798383736,0.1277536442422336,3.779042590814876,0.1266499779806268,1.0087143028305583,0,0.5746376514434814,0,0
2025-10-27 00:00:00+00:00,4.800000190734863,1.190000057220459,3.964503713485766,0.647806997307813,0.0198449266446054,0.0019379297906459,0.165280485080651,3.798772785916389,0.1667736319796371,0.9910468646556286,0,0.5751628279685974,0,0
2025-10-28 00:00:00+00:00,4.800000190734863,1.190000057220459,3.964503713485766,0.2650233052633917,0.007881632390276,0.0134398262181877,0.0739242520085732,3.890105171536845,0.1214662734251227,0.6085989956227927,0,0.5763148069381714,0,0
2025-10-29 00:00:00+00:00,5.0,1.2000000476837158,4.157482550983817,0.1212523312580935,0.0061783469174599,0.0149330419279516,0.0619511901971461,4.094558945975834,0.1064913130200679,0.5817487684227507,0,0.5770275592803955,0,0
2025-10-30 00:00:00+00:00,5.0,1.2000000476837158,4.157482550983817,0.1732268539786582,0.0068801756065092,0.0142196975701422,0.0236657041272823,4.13360634545518,0.1113218572680991,0.21258811798556,0,0.5777108073234558,0,0
2025-10-31 00:00:00+00:00,5.0,1.2200000286102295,4.143440607449644,0.1622525366729396,0.0066873439363794,0.0144061351911116,0.0052577790675326,4.138158965404147,0.1100646728522816,0.0477699059223949,0,0.5782085657119751,0,0
2025-11-03 00:00:00+00:00,5.0,1.190000057220459,4.164503522750903,0.1455124048501036,0.0065151613548042,0.014514703511659,0.0067083493738452,4.157693471663136,0.1085699914480183,0.0617882463135042,0,0.5786899924278259,0,0
2025-11-04 00:00:00+00:00,5.0,1.1799999475479126,4.171524578214575,0.1541319619083092,0.0066644712217088,0.0143196652787965,0.0041056258065087,4.167367592759232,0.1096297031351441,0.0374499400171466,0,0.5790594816207886,0,0
2025-11-05 00:00:00+00:00,4.809999942779541,1.2200000286102295,3.953440550229186,0.1571343922605688,0.0070022846794988,0.014152742801942,-0.0531469941486594,4.007441804115702,0.112063213106702,-0.4742590603577916,0,0.5791491270065308,0,0
2025-11-06 00:00:00+00:00,4.989999771118164,1.2400000095367432,4.119398435033637,0.1122814394234741,0.0063861503228819,0.0144995466964489,0.0211031567624012,4.097831358620836,0.107251210590995,0.1967638094350153,0,0.5794470310211182,0,0
2025-11-07 00:00:00+00:00,4.989999771118164,1.2799999713897705,4.091314547965292,0.0884732034003726,0.0063147098285468,0.0143856139815133,-0.0001042778806529,4.091452215196989,0.1062130384364422,-0.0009817804121606,0,0.5799909830093384,0,0
2025-11-10 00:00:00+00:00,4.989999771118164,1.2300000190734863,4.126419406800723,0.1077152104525729,0.0065760287283036,0.0141242950817564,0.008589834820801,4.117688599029378,0.1082100470477218,0.0793811208400344,0,0.5802221894264221,0,0
2025-11-11 00:00:00+00:00,4.789999961853027,1.2000000476837158,3.947482512836844,0.0847521552123771,0.0063774706309271,0.0142678302458246,-0.040005782048047,3.988169306830234,0.1066135481384994,-0.3752410715763474,0,0.5803341865539551,0,0
2025-11-12 00:00:00+00:00,5.0,1.149999976158142,4.192587493515832,0.0188097593092433,0.0062039831396014,0.0143609439474565,0.0483868240970739,4.143396735044507,0.1046221499522358,0.462491204005695,0,0.5805792808532715,0,0
2025-11-13 00:00:00+00:00,5.0,1.149999976158142,4.192587493515832,0.0857684701275041,0.0066942266075171,0.0140194751574571,0.0156211069635848,4.176785010839039,0.1086858283828885,0.1437271739656189,0,0.581021785736084,0,0
2025-11-14 00:00:00+00:00,4.710000038146973,1.1799999475479126,3.8815246163615473,0.1379930199173059,0.0080168934828035,0.0130499339994791,-0.0859264248039634,3.96863948047468,0.1180519286867232,-0.7278697244497221,0,0.581164538860321,0,0
2025-11-17 00:00:00+00:00,4.710000038146973,1.1299999952316284,3.916629475196977,0.2218548413936776,0.009019982000076,0.0123561353519738,-0.0295644888078744,3.9463251537583055,0.1256182648275133,-0.2353518323825721,0,0.5810563564300537,0,0
2025-11-18 00:00:00+00:00,4.710000038146973,1.159999966621399,3.895566559895719,0.1624606392006545,0.007953215657829,0.0134233504177298,-0.0171185228830072,3.9128600534355895,0.1191579005526285,-0.1436625083491336,0,0.5811581611633301,0,0
2025-11-19 00:00:00+00:00,4.699999809265137,1.1699999570846558,3.878545359246797,0.1689750775717632,0.0080308671456692,0.013350276905321,-0.0115942679506448,3.890261185946856,0.1194055799657638,-0.0970998838912653,0,0.5810769200325012,0,0
2025-11-21 00:00:00+00:00,4.699999809265137,1.190000057220459,3.86450333201604,0.1603805534957801,0.0079119242942145,0.0134456492868665,-0.0083902741589079,3.8729858765774834,0.1185319489554396,-0.0707849169177343,0,0.5812093615531921,0,0
2025-11-24 00:00:00+00:00,4.710000038146973,1.2100000381469729,3.860461617363703,0.1630426232264248,0.0079615068843219,0.013391567015302,-0.0044496082768083,3.864954456124672,0.1188155896653899,-0.0374497007449894,0,0.5810366272926331,0,0
2025-11-25 00:00:00+00:00,4.710000038146973,1.2300000190734863,3.8464196738295313,0.1615271265160409,0.007916201607814,0.0134248974749065,-0.005608424395423,3.8520970937689096,0.1185240948907972,-0.0473188544539439,0,0.5806880593299866,0,0
2025-11-26 00:00:00+00:00,4.710000038146973,1.1699999570846558,3.888545588128633,0.1587487988654792,0.0078987873438415,0.0134379801664959,0.009350528809705,3.8790505014403376,0.1183600989305684,0.0790006843031633,0,0.5805568099021912,0,0
2025-11-27 00:00:00+00:00,4.710000038146973,1.2300000190734863,3.8464196738295313,0.1558211693715061,0.0078695146831445,0.0134609577562006,-0.0078703338523971,3.854421935603329,0.1181221405935364,-0.0666287777452264,0,0.5801987051963806,0,0
2025-11-28 00:00:00+00:00,4.710000038146973,1.2400000095367432,3.839398702062445,0.1584773497608025,0.0079087156255059,0.0134235475323202,-0.0050401847900934,3.844492294909376,0.1183845261497121,-0.0425746924367421,0,0.5794464349746704,0,0
2025-12-01 00:00:00+00:00,4.710000038146973,1.2200000286102295,3.8534406455966175,0.1655250599896813,0.0073241256832552,0.0135700119341526,0.0016733630839919,3.8517286157377377,0.1146871683847887,0.0145906739834885,0,0.5774965882301331,0,0
2025-12-02 00:00:00+00:00,4.710000038146973,1.2300000190734863,3.8464196738295313,0.0887568812893831,0.0066681736424568,0.0138723695714481,-0.0011764291028117,3.847617476556829,0.1089829634992588,-0.0107946147272805,0,0.5754673480987549,0,0
2025-12-03 00:00:00+00:00,4.710000038146973,1.159999966621399,3.895566559895719,-0.1039929602052451,0.0040658512058242,0.0155709058293423,0.0086536960556803,3.8867298414098896,0.0857702687004219,0.1008938900017437,0,0.5745437145233154,0,0
2025-12-04 00:00:00+00:00,4.710000038146973,1.2300000190734863,3.8464196738295313,-0.2515970502013428,0.0037025026913189,0.0146081398233459,-0.0098202236994122,3.856401337790447,0.0816359284955187,-0.1202929136764986,0,0.5740050673484802,0,0
2025-12-05 00:00:00+00:00,4.710000038146973,1.2300000190734863,3.8464196738295313,-0.0940123565443189,0.0050803012559716,0.0132274711444951,-0.0017439994712373,3.848213221800586,0.0941814324018027,-0.0185174447527726,0,0.5737512111663818,0,0
2025-12-08 00:00:00+00:00,4.710000038146973,1.149999976158142,3.902587531662805,-0.0989720939077003,0.0050655171268895,0.0132254974726045,0.0130678785030696,3.8892841363478063,0.0941568500965215,0.1387883992473575,0,0.5737075209617615,0,0
2025-12-09 00:00:00+00:00,4.710000038146973,1.149999976158142,3.902587531662805,-0.0891019556852489,0.0051536729293722,0.0131479665083707,0.0023146317374682,3.9002098779938095,0.0949213806520407,0.0243847247223802,0,0.5736262202262878,0,0
2025-12-10 00:00:00+00:00,4.650000095367432,1.1699999570846558,3.828545645349092,-0.0883888039241887,0.0051777624264641,0.0131060895846973,-0.0174381416499332,3.8462944902849214,0.0951209844630144,-0.1833259164460567,0,0.5736868381500244,0,0
2025-12-11 00:00:00+00:00,4.650000095367432,1.1200000047683716,3.8636505041845215,-0.0863278128150676,0.0051947869117146,0.0130910086675694,0.0053340741256298,3.8582475151248414,0.0952704647647576,0.0559887488614735,0,0.5735988616943359,0,0
2025-12-12 00:00:00+00:00,4.650000095367432,1.159999966621399,3.835566617116178,-0.1531216436061576,0.0042708472684474,0.0133925468037913,-0.0055311281975462,3.841192936421835,0.0869760680452464,-0.0635936795242208,0,0.5733985304832458,0,0
2025-12-15 00:00:00+00:00,4.599999904632568,1.100000023841858,3.827692256983832,-0.1959947861531754,0.0042279808355498,0.0129618435692562,-0.0022204801707755,3.8299788825140255,0.0863165556208517,-0.0257248468130381,0,0.5732923150062561,0,0
2025-12-16 00:00:00+00:00,4.550000190734863,1.0399999618530271,3.819818457385229,-0.0677838515901566,0.0054368509383536,0.011703788356671,-0.0026372403965518,3.822504876995696,0.0967259442969542,-0.0272650778001748,0,0.5733348727226257,0,0
2025-12-17 00:00:00+00:00,4.550000190734863,1.149999976158142,3.742587684250696,-0.0697370610675414,0.0054329673962343,0.0117214255755878,-0.0208646415186199,3.763820086015989,0.0968556498287004,-0.215419973491699,0,0.5733872056007385,0,0
2025-12-18 00:00:00+00:00,4.550000190734863,1.149999976158142,3.742587684250696,-0.1054223236661507,0.0049963060007027,0.0119820647230966,-0.0036237875761107,3.7463182519053175,0.0931726331005972,-0.038893261417204,0,0.5733648538589478,0,0
2025-12-19 00:00:00+00:00,4.550000190734863,1.190000057220459,3.714503713485766,-0.1140205026564112,0.0049770262427721,0.0119171830496025,-0.0077024863943051,3.722355323509448,0.0929057432731782,-0.0829064611394039,0,0.5735514760017395,0,0
2025-12-22 00:00:00+00:00,4.550000190734863,1.1799999475479126,3.721524768949438,-0.0768438117464432,0.0053178149705798,0.0115610821991751,0.0002160191610512,3.7213154398994335,0.095773812681689,0.0022555138508394,0,0.5735514760017395,0,0
2025-12-23 00:00:00+00:00,4.989999771118164,1.1699999570846558,4.168545321099825,-0.0564457666850643,0.0062922269394795,0.0114160421953697,0.1316235491746472,4.034903006114925,0.1033321874653736,1.2737904074541528,-1,0.5735514760017395,0,0
2025-12-26 00:00:00+00:00,4.989999771118164,1.159999966621399,4.175566292866911,0.0508919718407403,0.0066942906632512,0.0117074648090435,0.0453113401039657,4.129659441635393,0.1073827706245927,0.4219609890898881,-1,0.5735514760017395,0,-1
2025-12-29 00:00:00+00:00,4.989999771118164,1.159999966621399,4.175566292866911,-0.0753320878721781,0.0050493153549926,0.0133444591309376,0.0077061302427737,4.167655720308027,0.0943389403625089,0.0816855713363114,-1,0.5735514760017395,-1,-1
2025-12-30 00:00:00+00:00,4.989999771118164,1.2000000476837158,4.147482322101981,-0.124350063375769,0.0046844228793821,0.0135560032880062,-0.005271045417632,4.152835988413324,0.0908668098100432,-0.058008478878604,0,0.5735514760017395,-1,-1
